,,,,,,,,,,,,,,,,,,,,,,,,,,,,,,,,,
,,欣技資訊股份有限公司,,,,,,,,,,,,,,,,,,,,,,,,,,,,,,,
,,,,,,,,,,,,,,,,,,,,,,,,,,,,,,,,,
,,試算表(IFRS),,,,,,,,,,,,,,,,,,,,,,,,,,,,,,,
,,,,,,,,,,,,,,,,,,,,,,,,,,,,,,,,,
,,,,,,,,,,,,,,,,,,,,,,,,,,,,,,,,,
製表日期：,14/03/14,,17:44:31,,,幣別：,NTD,,,,,單    位：,元,,,,,,期    間：2013/01-2013/12,,,,,,,製表者：,tiptop,,頁次：,,1/15,,
,,,,,,,,,,,,,,,,,,,,,,,,,,,,,,,,,
,,,,,,,,,期初餘額,,,,,,本期異動,,,,,,異動筆數,,,,期末餘額,,,,,,,,
科目名?,,,,,,,,,借方,,貸方,,,,借方,,,貸方,,,借方,貸方,,,借方,,,貸方,,,,,
,,,,,,,,,,,,,,,,,,,,,,,,,,,,,,,,,
庫存現金,,,,,,,,,0,,0,,,,"3,045",,,"3,045",,,3,3,,,0.00,,,0.00,,,,,
,,,,,,,,,,,,,,,,,,,,,,,,,,,,,,,,,
零用金,,,,,,,,,"14,125",,0,,,,"353,581",,,"344,386",,,90,675,,,"23,320.00",,,0.00,,,,,
,,,,,,,,,,,,,,,,,,,,,,,,,,,,,,,,,
銀行存款-支存(台幣),,,,,,,,,"188,636",,0,,,,"6,189,710",,,"6,221,581",,,49,110,,,"156,765.00",,,0.00,,,,,
,,,,,,,,,,,,,,,,,,,,,,,,,,,,,,,,,
銀行存款-支存(外幣),,,,,,,,,0,,0,,,,0,,,0,,,0,0,,,0.00,,,0.00,,,,,
,,,,,,,,,,,,,,,,,,,,,,,,,,,,,,,,,
銀行存款-活存(台幣),,,,,,,,,"71,219,854",,0,,,,"2,223,138,344",,,"2,263,638,085",,,"1,061","5,491",,,"30,720,113.00",,,0.00,,,,,
,,,,,,,,,,,,,,,,,,,,,,,,,,,,,,,,,
銀行存款-活存(外幣),,,,,,,,,0,,0,,,,0,,,0,,,0,0,,,0.00,,,0.00,,,,,
,,,,,,,,,,,,,,,,,,,,,,,,,,,,,,,,,
銀行存款-定存(台幣),,,,,,,,,"22,000,000",,0,,,,"73,542,506",,,"74,542,506",,,15,7,,,"21,000,000.00",,,0.00,,,,,
,,,,,,,,,,,,,,,,,,,,,,,,,,,,,,,,,
銀行存款-定存(外幣),,,,,,,,,0,,0,,,,0,,,0,,,0,0,,,0.00,,,0.00,,,,,
,,,,,,,,,,,,,,,,,,,,,,,,,,,,,,,,,
銀行存款-綜合存款,,,,,,,,,"1,179,985",,0,,,,"347,193,538",,,"348,253,764",,,321,190,,,"119,759.00",,,0.00,,,,,
,,,,,,,,,,,,,,,,,,,,,,,,,,,,,,,,,
在途存款,,,,,,,,,0,,0,,,,"10,671,014",,,"10,671,014",,,3,3,,,0.00,,,0.00,,,,,
,,,,,,,,,,,,,,,,,,,,,,,,,,,,,,,,,
三個月內到期之商業本票,,,,,,,,,"120,004,015",,0,,,,"1,225,338,154",,,"1,265,341,172",,,70,71,,,"80,000,997.00",,,0.00,,,,,
,,,,,,,,,,,,,,,,,,,,,,,,,,,,,,,,,
約當現金-超過三個月定存,,,,,,,,,0,,0,,,,"57,627,518",,,"43,627,518",,,7,6,,,"14,000,000.00",,,0.00,,,,,
,,,,,,,,,,,,,,,,,,,,,,,,,,,,,,,,,
以成本衡量之金融資產-流動,,,,,,,,,0,,0,,,,"7,963,640",,,"7,963,640",,,1,1,,,0.00,,,0.00,,,,,
,,,,,,,,,,,,,,,,,,,,,,,,,,,,,,,,,
累計減損-以成本衡量之金融資產-流動,,,,,,,,,0,,0,,,,"5,092,797",,,"5,092,797",,,1,1,,,0.00,,,0.00,,,,,
,,,,,,,,,,,,,,,,,,,,,,,,,,,,,,,,,
應收票據,,,,,,,,,"3,227,508",,0,,,,"45,522,382",,,"46,974,108",,,84,87,,,"1,775,782.00",,,0.00,,,,,
,,,,,,,,,,,,,,,,,,,,,,,,,,,,,,,,,
其他應收票據,,,,,,,,,0,,0,,,,0,,,0,,,0,0,,,0.00,,,0.00,,,,,
,,,,,,,,,,,,,,,,,,,,,,,,,,,,,,,,,
應收票據貼現,,,,,,,,,0,,0,,,,0,,,0,,,0,0,,,0.00,,,0.00,,,,,
,,,,,,,,,,,,,,,,,,,,,,,,,,,,,,,,,
備抵呆帳-應收票據,,,,,,,,,0,,0,,,,0,,,0,,,0,0,,,0.00,,,0.00,,,,,
,,,,,,,,,,,,,,,,,,,,,,,,,,,,,,,,,
應收票據-關係人-USA,,,,,,,,,0,,0,,,,0,,,0,,,0,0,,,0.00,,,0.00,,,,,
,,,,,,,,,,,,,,,,,,,,,,,,,,,,,,,,,
應收票據-關係人-賽弗萊,,,,,,,,,0,,0,,,,0,,,0,,,0,0,,,0.00,,,0.00,,,,,
,,,,,,,,,,,,,,,,,,,,,,,,,,,,,,,,,
應收票據-關係人-DACH,,,,,,,,,0,,0,,,,0,,,0,,,0,0,,,0.00,,,0.00,,,,,
,,,,,,,,,,,,,,,,,,,,,,,,,,,,,,,,,
應收票據-關係人-智碁,,,,,,,,,0,,0,,,,0,,,0,,,0,0,,,0.00,,,0.00,,,,,
,,,,,,,,,,,,,,,,,,,,,,,,,,,,,,,,,
備抵呆帳-應收關係人票據-USA,,,,,,,,,0,,0,,,,0,,,0,,,0,0,,,0.00,,,0.00,,,,,
,,,,,,,,,,,,,,,,,,,,,,,,,,,,,,,,,
備抵呆帳-應收關係人票據-賽弗萊,,,,,,,,,0,,0,,,,0,,,0,,,0,0,,,0.00,,,0.00,,,,,
,,,,,,,,,,,,,,,,,,,,,,,,,,,,,,,,,
備抵呆帳-應收關係人票據-DACH,,,,,,,,,0,,0,,,,0,,,0,,,0,0,,,0.00,,,0.00,,,,,
,,,,,,,,,,,,,,,,,,,,,,,,,,,,,,,,,
應收帳款,,,,,,,,,"193,078,134",,0,,,,"2,106,468,969",,,"2,125,093,968",,,"2,148","2,411",,,"174,453,135.00",,,0.00,,,,,
,,,,,,,,,,,,,,,,,,,,,,,,,,,,,,,,,
暫估應收帳款,,,,,,,,,0,,0,,,,0,,,0,,,0,0,,,0.00,,,0.00,,,,,
,,,,,,,,,,,,,,,,,,,,,,,,,,,,,,,,,
備抵呆帳-應收帳款、分期帳款及租賃款,,,,,,,,,0,,"1,014,385",,,,"5,992,767",,,"6,584,883",,,8,5,,,0.00,,,"1,606,501.00",,,,,
,,,,,,,,,,,,,,,,,,,,,,,,,,,,,,,,,
應收帳款-關係人-USA,,,,,,,,,"63,100,075",,0,,,,"125,693,834",,,"141,581,089",,,63,76,,,"47,212,820.00",,,0.00,,,,,
,,,,,,,,,,,,,,,,,,,,,,,,,,,,,,,,,
應收帳款-關係人-賽弗萊,,,,,,,,,"55,252,216",,0,,,,"113,494,831",,,"111,444,738",,,71,75,,,"57,302,309.00",,,0.00,,,,,
,,,,,,,,,,,,,,,,,,,,,,,,,,,,,,,,,
應收帳款-關係人-DACH,,,,,,,,,0,,0,,,,0,,,0,,,0,0,,,0.00,,,0.00,,,,,
,,,,,,,,,,,,,,,,,,,,,,,,,,,,,,,,,
應收帳款-關係人-醫電,,,,,,,,,"3,411,969",,0,,,,"10,148,863",,,"9,897,808",,,97,102,,,"3,663,024.00",,,0.00,,,,,
,,,,,,,,,,,,,,,,,,,,,,,,,,,,,,,,,
應收帳款-關係人-智碁,,,,,,,,,0,,0,,,,0,,,0,,,0,0,,,0.00,,,0.00,,,,,
,,,,,,,,,,,,,,,,,,,,,,,,,,,,,,,,,
應收帳款-關係人-欣晉,,,,,,,,,0,,0,,,,0,,,0,,,0,0,,,0.00,,,0.00,,,,,
,,,,,,,,,,,,,,,,,,,,,,,,,,,,,,,,,
備抵呆帳-應收關係人帳款、分期帳款及租賃款-USA,,,,,,,,,0,,0,,,,0,,,0,,,0,0,,,0.00,,,0.00,,,,,
,,,,,,,,,,,,,,,,,,,,,,,,,,,,,,,,,
備抵呆帳-應收關係人帳款、分期帳款及租賃款-賽弗萊,,,,,,,,,0,,0,,,,0,,,0,,,0,0,,,0.00,,,0.00,,,,,
,,,,,,,,,,,,,,,,,,,,,,,,,,,,,,,,,
備抵呆帳-應收關係人帳款、分期帳款及租賃款-DACH,,,,,,,,,0,,0,,,,0,,,0,,,0,0,,,0.00,,,0.00,,,,,
,,,,,,,,,,,,,,,,,,,,,,,,,,,,,,,,,
備抵呆帳-應收關係人帳款、分期帳款及租賃款-智碁,,,,,,,,,0,,0,,,,0,,,0,,,0,0,,,0.00,,,0.00,,,,,
,,,,,,,,,,,,,,,,,,,,,,,,,,,,,,,,,
應收退稅款,,,,,,,,,"5,834,995",,0,,,,"91,547,875",,,"88,133,127",,,27,26,,,"9,249,743.00",,,0.00,,,,,
,,,,,,,,,,,,,,,,,,,,,,,,,,,,,,,,,
應收收益,,,,,,,,,"34,799",,0,,,,"258,942",,,"265,495",,,68,103,,,"28,246.00",,,0.00,,,,,
,,,,,,,,,,,,,,,,,,,,,,,,,,,,,,,,,
其他應收款-其他,,,,,,,,,"802,230",,0,,,,"1,385,076",,,"1,497,172",,,119,122,,,"690,134.00",,,0.00,,,,,
,,,,,,,,,,,,,,,,,,,,,,,,,,,,,,,,,
備抵呆帳-其他應收款項,,,,,,,,,0,,0,,,,0,,,0,,,0,0,,,0.00,,,0.00,,,,,
,,,,,,,,,,,,,,,,,,,,,,,,,,,,,,,,,
其他應收款-關係人-USA,,,,,,,,,0,,0,,,,"129,301",,,"129,301",,,12,17,,,0.00,,,0.00,,,,,
,,,,,,,,,,,,,,,,,,,,,,,,,,,,,,,,,
其他應收款-關係人-賽弗萊,,,,,,,,,0,,0,,,,"133,692",,,"133,692",,,7,7,,,0.00,,,0.00,,,,,
,,,,,,,,,,,,,,,,,,,,,,,,,,,,,,,,,
其他應收款-關係人-DACH,,,,,,,,,"380,000",,0,,,,0,,,"380,000",,,0,1,,,0.00,,,0.00,,,,,
,,,,,,,,,,,,,,,,,,,,,,,,,,,,,,,,,
其他應收款-關係人-EMEA,,,,,,,,,0,,0,,,,0,,,0,,,0,0,,,0.00,,,0.00,,,,,
,,,,,,,,,,,,,,,,,,,,,,,,,,,,,,,,,
其他應收款-關係人-賽弗萊-210天以上,,,,,,,,,0,,0,,,,0,,,0,,,0,0,,,0.00,,,0.00,,,,,
,,,,,,,,,,,,,,,,,,,,,,,,,,,,,,,,,
其他應收款-關係人-USA-210天以上,,,,,,,,,0,,0,,,,0,,,0,,,0,0,,,0.00,,,0.00,,,,,
,,,,,,,,,,,,,,,,,,,,,,,,,,,,,,,,,
其他應收款-關係人-欣技醫電,,,,,,,,,"202,911",,0,,,,"30,901,295",,,"788,269",,,36,33,,,"30,315,937.00",,,0.00,,,,,
,,,,,,,,,,,,,,,,,,,,,,,,,,,,,,,,,
其他應收款-關係人-智碁,,,,,,,,,0,,0,,,,0,,,0,,,0,0,,,0.00,,,0.00,,,,,
,,,,,,,,,,,,,,,,,,,,,,,,,,,,,,,,,
其他應收款-關係人-威健,,,,,,,,,0,,0,,,,0,,,0,,,0,0,,,0.00,,,0.00,,,,,
,,,,,,,,,,,,,,,,,,,,,,,,,,,,,,,,,
其他應收款-關係人-亞元,,,,,,,,,0,,0,,,,0,,,0,,,0,0,,,0.00,,,0.00,,,,,
,,,,,,,,,,,,,,,,,,,,,,,,,,,,,,,,,
其他應收款-關係人-欣晉,,,,,,,,,"227,166",,0,,,,"21,365,531",,,"1,166,534",,,33,30,,,"20,426,163.00",,,0.00,,,,,
備抵呆帳-其他應收關係人款項-USA,,,,,,,,,0,,0,,,,0,,,0,,,0,0,,,0.00,,,0.00,,,,,
,,,,,,,,,,,,,,,,,,,,,,,,,,,,,,,,,
備抵呆帳-其他應收關係人款項-賽弗萊,,,,,,,,,0,,0,,,,0,,,0,,,0,0,,,0.00,,,0.00,,,,,
,,,,,,,,,,,,,,,,,,,,,,,,,,,,,,,,,
備抵呆帳-其他應收關係人款項-DACH,,,,,,,,,0,,0,,,,0,,,0,,,0,0,,,0.00,,,0.00,,,,,
,,,,,,,,,,,,,,,,,,,,,,,,,,,,,,,,,
應收所得稅退稅款,,,,,,,,,0,,0,,,,0,,,0,,,0,0,,,0.00,,,0.00,,,,,
,,,,,,,,,,,,,,,,,,,,,,,,,,,,,,,,,
商品存貨,,,,,,,,,"373,003",,0,,,,"237,866",,,"610,869",,,20,46,,,0.00,,,0.00,,,,,
,,,,,,,,,,,,,,,,,,,,,,,,,,,,,,,,,
在途商品,,,,,,,,,0,,0,,,,0,,,0,,,0,0,,,0.00,,,0.00,,,,,
,,,,,,,,,,,,,,,,,,,,,,,,,,,,,,,,,
備抵存貨跌價,,,,,,,,,0,,0,,,,0,,,0,,,0,0,,,0.00,,,0.00,,,,,
,,,,,,,,,,,,,,,,,,,,,,,,,,,,,,,,,
製成品,,,,,,,,,"60,513,113",,0,,,,"889,857,642",,,"907,432,437",,,48,56,,,"42,938,318.00",,,0.00,,,,,
,,,,,,,,,,,,,,,,,,,,,,,,,,,,,,,,,
半成品,,,,,,,,,"141,603,833",,0,,,,"565,234,487",,,"573,278,126",,,244,87,,,"133,560,194.00",,,0.00,,,,,
,,,,,,,,,,,,,,,,,,,,,,,,,,,,,,,,,
在製品,,,,,,,,,"7,496,595",,0,,,,"1,419,988,993",,,"1,402,183,074",,,21,24,,,"25,302,514.00",,,0.00,,,,,
,,,,,,,,,,,,,,,,,,,,,,,,,,,,,,,,,
原料,,,,,,,,,"213,629,621",,0,,,,"632,494,118",,,"604,300,852",,,"4,499",172,,,"241,822,887.00",,,0.00,,,,,
,,,,,,,,,,,,,,,,,,,,,,,,,,,,,,,,,
物料,,,,,,,,,0,,0,,,,0,,,0,,,0,0,,,0.00,,,0.00,,,,,
,,,,,,,,,,,,,,,,,,,,,,,,,,,,,,,,,
在途原物料,,,,,,,,,0,,0,,,,0,,,0,,,0,0,,,0.00,,,0.00,,,,,
,,,,,,,,,,,,,,,,,,,,,,,,,,,,,,,,,
備抵存貨跌價,,,,,,,,,0,,"19,851,211",,,,"51,531,873",,,"50,929,466",,,12,11,,,0.00,,,"19,248,804.00",,,,,
,,,,,,,,,,,,,,,,,,,,,,,,,,,,,,,,,
預付薪資,,,,,,,,,0,,0,,,,0,,,0,,,0,0,,,0.00,,,0.00,,,,,
,,,,,,,,,,,,,,,,,,,,,,,,,,,,,,,,,
預付租金,,,,,,,,,"20,446",,0,,,,"700,887",,,"602,040",,,9,7,,,"119,293.00",,,0.00,,,,,
,,,,,,,,,,,,,,,,,,,,,,,,,,,,,,,,,
預付保險費,,,,,,,,,"232,440",,0,,,,0,,,"232,440",,,0,1,,,0.00,,,0.00,,,,,
,,,,,,,,,,,,,,,,,,,,,,,,,,,,,,,,,
用品盤存,,,,,,,,,0,,0,,,,0,,,0,,,0,0,,,0.00,,,0.00,,,,,
,,,,,,,,,,,,,,,,,,,,,,,,,,,,,,,,,
預付所得稅,,,,,,,,,0,,0,,,,"85,875,245",,,"85,875,245",,,212,16,,,0.00,,,0.00,,,,,
,,,,,,,,,,,,,,,,,,,,,,,,,,,,,,,,,
其他預付費用,,,,,,,,,"4,690,966",,0,,,,"9,159,045",,,"9,936,554",,,16,37,,,"3,913,457.00",,,0.00,,,,,
,,,,,,,,,,,,,,,,,,,,,,,,,,,,,,,,,
其他預付費用-分攤用,,,,,,,,,"1,323,684",,0,,,,"16,053,884",,,"14,296,038",,,40,191,,,"3,081,530.00",,,0.00,,,,,
,,,,,,,,,,,,,,,,,,,,,,,,,,,,,,,,,
預付貨款,,,,,,,,,"5,016,433",,0,,,,"30,137,962",,,"23,129,526",,,24,108,,,"12,024,869.00",,,0.00,,,,,
,,,,,,,,,,,,,,,,,,,,,,,,,,,,,,,,,
進項稅額,,,,,,,,,0,,0,,,,"97,598,886",,,"97,598,886",,,"9,220",173,,,0.00,,,0.00,,,,,
,,,,,,,,,,,,,,,,,,,,,,,,,,,,,,,,,
留抵稅額,,,,,,,,,0,,0,,,,"483,425",,,"483,425",,,1,1,,,0.00,,,0.00,,,,,
,,,,,,,,,,,,,,,,,,,,,,,,,,,,,,,,,
其他預付款,,,,,,,,,0,,0,,,,0,,,0,,,0,0,,,0.00,,,0.00,,,,,
,,,,,,,,,,,,,,,,,,,,,,,,,,,,,,,,,
暫付款,,,,,,,,,0,,0,,,,"151,013,668",,,"151,013,668",,,202,238,,,0.00,,,0.00,,,,,
,,,,,,,,,,,,,,,,,,,,,,,,,,,,,,,,,
暫付款-差旅費,,,,,,,,,0,,0,,,,"2,986,716",,,"2,986,716",,,34,37,,,0.00,,,0.00,,,,,
,,,,,,,,,,,,,,,,,,,,,,,,,,,,,,,,,
代付款,,,,,,,,,0,,0,,,,"334,200",,,"334,200",,,25,23,,,0.00,,,0.00,,,,,
,,,,,,,,,,,,,,,,,,,,,,,,,,,,,,,,,
員工借支,,,,,,,,,0,,0,,,,0,,,0,,,0,0,,,0.00,,,0.00,,,,,
,,,,,,,,,,,,,,,,,,,,,,,,,,,,,,,,,
其他金融資產-流動,,,,,,,,,0,,0,,,,"2,163,559",,,"1,621,053",,,4,3,,,"542,506.00",,,0.00,,,,,
,,,,,,,,,,,,,,,,,,,,,,,,,,,,,,,,,
受限制資產,,,,,,,,,"536,041",,0,,,,"536,041",,,"1,072,082",,,1,2,,,0.00,,,0.00,,,,,
,,,,,,,,,,,,,,,,,,,,,,,,,,,,,,,,,
其他流動資產-其他,,,,,,,,,0,,0,,,,0,,,0,,,0,0,,,0.00,,,0.00,,,,,
,,,,,,,,,,,,,,,,,,,,,,,,,,,,,,,,,
基金,,,,,,,,,0,,0,,,,0,,,0,,,0,0,,,0.00,,,0.00,,,,,
,,,,,,,,,,,,,,,,,,,,,,,,,,,,,,,,,
衍生性金融資產-遠匯,,,,,,,,,0,,0,,,,0,,,0,,,0,0,,,0.00,,,0.00,,,,,
,,,,,,,,,,,,,,,,,,,,,,,,,,,,,,,,,
股票,,,,,,,,,0,,0,,,,0,,,0,,,0,0,,,0.00,,,0.00,,,,,
,,,,,,,,,,,,,,,,,,,,,,,,,,,,,,,,,
在途基金(過渡性科目),,,,,,,,,0,,0,,,,0,,,0,,,0,0,,,0.00,,,0.00,,,,,
,,,,,,,,,,,,,,,,,,,,,,,,,,,,,,,,,
持有供交易之金融資產評價調整-流動,,,,,,,,,0,,0,,,,0,,,0,,,0,0,,,0.00,,,0.00,,,,,
,,,,,,,,,,,,,,,,,,,,,,,,,,,,,,,,,
採用權益法之投資-USA,,,,,,,,,"29,509,444",,0,,,,"14,247,835",,,"24,455,930",,,17,12,,,"19,301,349.00",,,0.00,,,,,
,,,,,,,,,,,,,,,,,,,,,,,,,,,,,,,,,
採用權益法之投資-EMEA,,,,,,,,,0,,0,,,,0,,,0,,,0,0,,,0.00,,,0.00,,,,,
,,,,,,,,,,,,,,,,,,,,,,,,,,,,,,,,,
採用權益法之投資-SAMOA,,,,,,,,,"22,665,141",,0,,,,"1,757,134",,,"21,117,444",,,10,23,,,"3,304,831.00",,,0.00,,,,,
,,,,,,,,,,,,,,,,,,,,,,,,,,,,,,,,,
採用權益法之投資-GMBH,,,,,,,,,"11,172,571",,0,,,,"5,664,189",,,"4,497,795",,,15,12,,,"12,338,965.00",,,0.00,,,,,
,,,,,,,,,,,,,,,,,,,,,,,,,,,,,,,,,
採用權益法之投資-欣技醫電,,,,,,,,,"16,549,393",,0,,,,"30,446,325",,,"32,360,914",,,7,17,,,"14,634,804.00",,,0.00,,,,,
,,,,,,,,,,,,,,,,,,,,,,,,,,,,,,,,,
採用權益法之投資-UK,,,,,,,,,"5,982,961",,0,,,,"42,251",,,"62,908",,,5,6,,,"5,962,304.00",,,0.00,,,,,
,,,,,,,,,,,,,,,,,,,,,,,,,,,,,,,,,
採用權益法之投資-欣晉,,,,,,,,,"32,970,753",,0,,,,"18,494,097",,,"39,320,770",,,5,9,,,"12,144,080.00",,,0.00,,,,,
,,,,,,,,,,,,,,,,,,,,,,,,,,,,,,,,,
預付投資款-USA,,,,,,,,,0,,0,,,,0,,,0,,,0,0,,,0.00,,,0.00,,,,,
,,,,,,,,,,,,,,,,,,,,,,,,,,,,,,,,,
預付投資款-EMEA,,,,,,,,,0,,0,,,,0,,,0,,,0,0,,,0.00,,,0.00,,,,,
,,,,,,,,,,,,,,,,,,,,,,,,,,,,,,,,,
預付投資款-SAMOA,,,,,,,,,0,,0,,,,0,,,0,,,0,0,,,0.00,,,0.00,,,,,
,,,,,,,,,,,,,,,,,,,,,,,,,,,,,,,,,
預付投資款-GMBH,,,,,,,,,0,,0,,,,"4,761,196",,,"4,761,196",,,2,2,,,0.00,,,0.00,,,,,
,,,,,,,,,,,,,,,,,,,,,,,,,,,,,,,,,
預付投資款-欣技醫電,,,,,,,,,0,,0,,,,"30,000,000",,,"30,000,000",,,1,1,,,0.00,,,0.00,,,,,
,,,,,,,,,,,,,,,,,,,,,,,,,,,,,,,,,
預付投資款-其他,,,,,,,,,0,,0,,,,"47,650,000",,,"47,650,000",,,1,1,,,0.00,,,0.00,,,,,
,,,,,,,,,,,,,,,,,,,,,,,,,,,,,,,,,
以成本衡量之金融資產-非流動,,,,,,,,,"13,061,917",,0,,,,"7,963,640",,,"15,927,280",,,1,2,,,"5,098,277.00",,,0.00,,,,,
,,,,,,,,,,,,,,,,,,,,,,,,,,,,,,,,,
累計減損-以成本衡量之金融資產-非流動,,,,,,,,,0,,"11,055,101",,,,"22,110,202",,,"11,055,101",,,4,2,,,0.00,,,0.00,,,,,
,,,,,,,,,,,,,,,,,,,,,,,,,,,,,,,,,
累計減損-採用權益法之投資,,,,,,,,,0,,0,,,,"5,962,304",,,"11,924,608",,,1,2,,,0.00,,,"5,962,304.00",,,,,
土地成本,,,,,,,,,"57,996,381",,0,,,,0,,,0,,,0,0,,,"57,996,381.00",,,0.00,,,,,
,,,,,,,,,,,,,,,,,,,,,,,,,,,,,,,,,
土地-重估增(減)值,,,,,,,,,0,,0,,,,0,,,0,,,0,0,,,0.00,,,0.00,,,,,
,,,,,,,,,,,,,,,,,,,,,,,,,,,,,,,,,
房屋及建築成本,,,,,,,,,"55,335,523",,0,,,,0,,,0,,,0,0,,,"55,335,523.00",,,0.00,,,,,
,,,,,,,,,,,,,,,,,,,,,,,,,,,,,,,,,
累計折舊-房屋及建築,,,,,,,,,0,,"14,596,801",,,,0,,,"988,128",,,0,12,,,0.00,,,"15,584,929.00",,,,,
,,,,,,,,,,,,,,,,,,,,,,,,,,,,,,,,,
機器設備成本,,,,,,,,,"19,429,929",,0,,,,"797,000",,,0,,,2,0,,,"20,226,929.00",,,0.00,,,,,
,,,,,,,,,,,,,,,,,,,,,,,,,,,,,,,,,
模具設備成本,,,,,,,,,"128,622,241",,0,,,,"22,739,900",,,"3,528,543",,,73,30,,,"147,833,598.00",,,0.00,,,,,
,,,,,,,,,,,,,,,,,,,,,,,,,,,,,,,,,
累計折舊-機器設備,,,,,,,,,0,,"17,327,920",,,,0,,,"1,209,190",,,0,12,,,0.00,,,"18,537,110.00",,,,,
,,,,,,,,,,,,,,,,,,,,,,,,,,,,,,,,,
累計折舊-模具設備,,,,,,,,,0,,"101,319,721",,,,"2,878,307",,,"18,155,636",,,27,12,,,0.00,,,"116,597,050.00",,,,,
,,,,,,,,,,,,,,,,,,,,,,,,,,,,,,,,,
運輸設備成本,,,,,,,,,0,,0,,,,0,,,0,,,0,0,,,0.00,,,0.00,,,,,
,,,,,,,,,,,,,,,,,,,,,,,,,,,,,,,,,
累計折舊-運輸設備,,,,,,,,,0,,0,,,,0,,,0,,,0,0,,,0.00,,,0.00,,,,,
,,,,,,,,,,,,,,,,,,,,,,,,,,,,,,,,,
辦公設備成本,,,,,,,,,"94,778,791",,0,,,,"6,271,494",,,"1,484,147",,,27,13,,,"99,566,138.00",,,0.00,,,,,
,,,,,,,,,,,,,,,,,,,,,,,,,,,,,,,,,
累計折舊-辦公設備,,,,,,,,,0,,"68,563,008",,,,"687,147",,,"10,920,532",,,11,16,,,0.00,,,"78,796,393.00",,,,,
,,,,,,,,,,,,,,,,,,,,,,,,,,,,,,,,,
累計減損-房屋建築,,,,,,,,,0,,0,,,,0,,,0,,,0,0,,,0.00,,,0.00,,,,,
,,,,,,,,,,,,,,,,,,,,,,,,,,,,,,,,,
租賃資產成本,,,,,,,,,0,,0,,,,0,,,0,,,0,0,,,0.00,,,0.00,,,,,
,,,,,,,,,,,,,,,,,,,,,,,,,,,,,,,,,
累計折舊-租賃資產,,,,,,,,,0,,0,,,,0,,,0,,,0,0,,,0.00,,,0.00,,,,,
,,,,,,,,,,,,,,,,,,,,,,,,,,,,,,,,,
租賃改良成本,,,,,,,,,0,,0,,,,0,,,0,,,0,0,,,0.00,,,0.00,,,,,
,,,,,,,,,,,,,,,,,,,,,,,,,,,,,,,,,
累計折舊-租賃改良,,,,,,,,,0,,0,,,,0,,,0,,,0,0,,,0.00,,,0.00,,,,,
,,,,,,,,,,,,,,,,,,,,,,,,,,,,,,,,,
未完工程,,,,,,,,,0,,0,,,,0,,,0,,,0,0,,,0.00,,,0.00,,,,,
,,,,,,,,,,,,,,,,,,,,,,,,,,,,,,,,,
預付設備款,,,,,,,,,"1,456,050",,0,,,,"1,594,688",,,"2,810,852",,,6,8,,,"239,886.00",,,0.00,,,,,
,,,,,,,,,,,,,,,,,,,,,,,,,,,,,,,,,
預付模具款,,,,,,,,,"21,691,992",,0,,,,"92,559,010",,,"82,447,745",,,298,116,,,"31,803,257.00",,,0.00,,,,,
,,,,,,,,,,,,,,,,,,,,,,,,,,,,,,,,,
其他設備成本,,,,,,,,,0,,0,,,,0,,,0,,,0,0,,,0.00,,,0.00,,,,,
,,,,,,,,,,,,,,,,,,,,,,,,,,,,,,,,,
累計折舊-其他設備,,,,,,,,,0,,0,,,,0,,,0,,,0,0,,,0.00,,,0.00,,,,,
,,,,,,,,,,,,,,,,,,,,,,,,,,,,,,,,,
商標權,,,,,,,,,0,,0,,,,0,,,0,,,0,0,,,0.00,,,0.00,,,,,
,,,,,,,,,,,,,,,,,,,,,,,,,,,,,,,,,
專利權,,,,,,,,,"360,278",,0,,,,0,,,0,,,0,0,,,"360,278.00",,,0.00,,,,,
,,,,,,,,,,,,,,,,,,,,,,,,,,,,,,,,,
Athena NRE,,,,,,,,,"29,112,326",,0,,,,"16,523,206",,,"45,635,532",,,2,3,,,0.00,,,0.00,,,,,
,,,,,,,,,,,,,,,,,,,,,,,,,,,,,,,,,
Athena NRE-分攤,,,,,,,,,0,,"29,112,326",,,,"29,112,326",,,0,,,1,0,,,0.00,,,0.00,,,,,
,,,,,,,,,,,,,,,,,,,,,,,,,,,,,,,,,
產品開發成本,,,,,,,,,"16,438,341",,0,,,,"24,089,403",,,0,,,1,0,,,"40,527,744.00",,,0.00,,,,,
,,,,,,,,,,,,,,,,,,,,,,,,,,,,,,,,,
產品開發成本-分攤,,,,,,,,,0,,"4,883,184",,,,0,,,"11,372,868",,,0,27,,,0.00,,,"16,256,052.00",,,,,
,,,,,,,,,,,,,,,,,,,,,,,,,,,,,,,,,
預付無形資產,,,,,,,,,"20,411,138",,0,,,,"126,507,266",,,"141,926,654",,,14,11,,,"4,991,750.00",,,0.00,,,,,
,,,,,,,,,,,,,,,,,,,,,,,,,,,,,,,,,
電腦軟體,,,,,,,,,"37,240,940",,0,,,,"1,680,062",,,"23,377,630",,,20,4,,,"15,543,372.00",,,0.00,,,,,
,,,,,,,,,,,,,,,,,,,,,,,,,,,,,,,,,
電腦軟體-攤銷,,,,,,,,,0,,"31,041,232",,,,"23,336,530",,,"3,998,017",,,1,12,,,0.00,,,"11,702,719.00",,,,,
,,,,,,,,,,,,,,,,,,,,,,,,,,,,,,,,,
存出保證金,,,,,,,,,"5,790,560",,0,,,,0,,,0,,,0,0,,,"5,790,560.00",,,0.00,,,,,
,,,,,,,,,,,,,,,,,,,,,,,,,,,,,,,,,
其他遞延費用,,,,,,,,,"19,747,457",,0,,,,0,,,"19,747,457",,,0,1,,,0.00,,,0.00,,,,,
,,,,,,,,,,,,,,,,,,,,,,,,,,,,,,,,,
其他遞延費用-攤銷,,,,,,,,,0,,"19,747,457",,,,"19,747,457",,,0,,,1,0,,,0.00,,,0.00,,,,,
,,,,,,,,,,,,,,,,,,,,,,,,,,,,,,,,,
催收款項,,,,,,,,,0,,0,,,,0,,,0,,,0,0,,,0.00,,,0.00,,,,,
,,,,,,,,,,,,,,,,,,,,,,,,,,,,,,,,,
遞延所得稅資產,,,,,,,,,"37,675,588",,0,,,,"61,088,131",,,"62,888,340",,,28,30,,,"35,875,379.00",,,0.00,,,,,
,,,,,,,,,,,,,,,,,,,,,,,,,,,,,,,,,
受限制資產,,,,,,,,,0,,0,,,,0,,,0,,,0,0,,,0.00,,,0.00,,,,,
,,,,,,,,,,,,,,,,,,,,,,,,,,,,,,,,,
其他非流動資產-其他,,,,,,,,,0,,0,,,,0,,,0,,,0,0,,,0.00,,,0.00,,,,,
,,,,,,,,,,,,,,,,,,,,,,,,,,,,,,,,,
應收保證票據,,,,,,,,,0,,0,,,,0,,,0,,,0,0,,,0.00,,,0.00,,,,,
,,,,,,,,,,,,,,,,,,,,,,,,,,,,,,,,,
存出保證票據,,,,,,,,,"524,760,000",,0,,,,"662,120,000",,,"721,880,000",,,10,12,,,"465,000,000.00",,,0.00,,,,,
,,,,,,,,,,,,,,,,,,,,,,,,,,,,,,,,,
銀行借款,,,,,,,,,0,,0,,,,"20,000,000",,,"20,000,000",,,2,2,,,0.00,,,0.00,,,,,
,,,,,,,,,,,,,,,,,,,,,,,,,,,,,,,,,
應付短期票券,,,,,,,,,0,,0,,,,0,,,0,,,0,0,,,0.00,,,0.00,,,,,
,,,,,,,,,,,,,,,,,,,,,,,,,,,,,,,,,
應付短期票券折價,,,,,,,,,0,,0,,,,0,,,0,,,0,0,,,0.00,,,0.00,,,,,
,,,,,,,,,,,,,,,,,,,,,,,,,,,,,,,,,
應付票據-帳款,,,,,,,,,0,,0,,,,0,,,0,,,0,0,,,0.00,,,0.00,,,,,
,,,,,,,,,,,,,,,,,,,,,,,,,,,,,,,,,
應付票據-設備,,,,,,,,,0,,0,,,,0,,,0,,,0,0,,,0.00,,,0.00,,,,,
,,,,,,,,,,,,,,,,,,,,,,,,,,,,,,,,,
應付票據-其他,,,,,,,,,0,,"9,920",,,,"18,977,005",,,"18,973,134",,,114,116,,,0.00,,,"6,049.00",,,,,
,,,,,,,,,,,,,,,,,,,,,,,,,,,,,,,,,
應付票據-關係人-USA,,,,,,,,,0,,0,,,,0,,,0,,,0,0,,,0.00,,,0.00,,,,,
,,,,,,,,,,,,,,,,,,,,,,,,,,,,,,,,,
應付票據-關係人-賽弗萊,,,,,,,,,0,,0,,,,0,,,0,,,0,0,,,0.00,,,0.00,,,,,
,,,,,,,,,,,,,,,,,,,,,,,,,,,,,,,,,
應付票據-關係人-DACH,,,,,,,,,0,,0,,,,0,,,0,,,0,0,,,0.00,,,0.00,,,,,
,,,,,,,,,,,,,,,,,,,,,,,,,,,,,,,,,
應付帳款-帳款,,,,,,,,,0,,"76,190,321",,,,"710,604,139",,,"698,640,213",,,"2,365","5,701",,,0.00,,,"64,226,395.00",,,,,
,,,,,,,,,,,,,,,,,,,,,,,,,,,,,,,,,
應付帳款-設備,,,,,,,,,0,,0,,,,0,,,0,,,0,0,,,0.00,,,0.00,,,,,
,,,,,,,,,,,,,,,,,,,,,,,,,,,,,,,,,
應付帳款-其他,,,,,,,,,0,,0,,,,0,,,0,,,0,0,,,0.00,,,0.00,,,,,
,,,,,,,,,,,,,,,,,,,,,,,,,,,,,,,,,
暫估應付帳款,,,,,,,,,0,,"631,353",,,,"65,076,164",,,"66,553,706",,,357,340,,,0.00,,,"2,108,895.00",,,,,
應付電匯款,,,,,,,,,0,,"32,808,238",,,,"481,259,483",,,"448,451,245",,,"2,861","2,642",,,0.00,,,0.00,,,,,
,,,,,,,,,,,,,,,,,,,,,,,,,,,,,,,,,
應付LC開狀款,,,,,,,,,0,,"9,785,842",,,,"232,947,687",,,"223,161,845",,,93,87,,,0.00,,,0.00,,,,,
,,,,,,,,,,,,,,,,,,,,,,,,,,,,,,,,,
應付銀行扣帳,,,,,,,,,0,,0,,,,"30,277,405",,,"30,277,405",,,110,109,,,0.00,,,0.00,,,,,
,,,,,,,,,,,,,,,,,,,,,,,,,,,,,,,,,
應付帳款-關係人-USA,,,,,,,,,0,,0,,,,0,,,0,,,0,0,,,0.00,,,0.00,,,,,
,,,,,,,,,,,,,,,,,,,,,,,,,,,,,,,,,
應付帳款-關係人-賽弗萊,,,,,,,,,0,,0,,,,"2,926",,,"2,926",,,6,6,,,0.00,,,0.00,,,,,
,,,,,,,,,,,,,,,,,,,,,,,,,,,,,,,,,
應付帳款-關係人-DACH,,,,,,,,,0,,0,,,,0,,,0,,,0,0,,,0.00,,,0.00,,,,,
,,,,,,,,,,,,,,,,,,,,,,,,,,,,,,,,,
應付帳款-關係人-亞元,,,,,,,,,0,,"2,702,416",,,,"20,652,897",,,"19,111,638",,,26,27,,,0.00,,,"1,161,157.00",,,,,
,,,,,,,,,,,,,,,,,,,,,,,,,,,,,,,,,
應付帳款-關係人-威健,,,,,,,,,0,,"2,721,099",,,,"26,072,194",,,"27,364,183",,,37,61,,,0.00,,,"4,013,088.00",,,,,
,,,,,,,,,,,,,,,,,,,,,,,,,,,,,,,,,
應付帳款-關係人-醫電,,,,,,,,,0,,0,,,,0,,,0,,,0,0,,,0.00,,,0.00,,,,,
,,,,,,,,,,,,,,,,,,,,,,,,,,,,,,,,,
應付帳款-關係人-智碁,,,,,,,,,0,,0,,,,0,,,0,,,0,0,,,0.00,,,0.00,,,,,
,,,,,,,,,,,,,,,,,,,,,,,,,,,,,,,,,
應付帳款-關係人-欣晉,,,,,,,,,0,,0,,,,0,,,0,,,0,0,,,0.00,,,0.00,,,,,
,,,,,,,,,,,,,,,,,,,,,,,,,,,,,,,,,
暫估應付帳款-關係人-USA,,,,,,,,,0,,0,,,,0,,,0,,,0,0,,,0.00,,,0.00,,,,,
,,,,,,,,,,,,,,,,,,,,,,,,,,,,,,,,,
暫估應付帳款-關係人-賽弗萊,,,,,,,,,0,,0,,,,0,,,0,,,0,0,,,0.00,,,0.00,,,,,
,,,,,,,,,,,,,,,,,,,,,,,,,,,,,,,,,
暫估應付帳款-關係人-DACH,,,,,,,,,0,,0,,,,0,,,0,,,0,0,,,0.00,,,0.00,,,,,
,,,,,,,,,,,,,,,,,,,,,,,,,,,,,,,,,
暫估應付帳款-關係人-亞元,,,,,,,,,0,,0,,,,"813,725",,,"813,725",,,1,1,,,0.00,,,0.00,,,,,
,,,,,,,,,,,,,,,,,,,,,,,,,,,,,,,,,
暫估應付帳款-關係人-威健,,,,,,,,,0,,0,,,,"2,267,516",,,"2,267,516",,,4,4,,,0.00,,,0.00,,,,,
,,,,,,,,,,,,,,,,,,,,,,,,,,,,,,,,,
暫估應付帳款-關係人-醫電,,,,,,,,,0,,0,,,,0,,,0,,,0,0,,,0.00,,,0.00,,,,,
,,,,,,,,,,,,,,,,,,,,,,,,,,,,,,,,,
暫估應付帳款-關係人-智碁,,,,,,,,,0,,0,,,,0,,,0,,,0,0,,,0.00,,,0.00,,,,,
,,,,,,,,,,,,,,,,,,,,,,,,,,,,,,,,,
暫估應付帳款-關係人-欣晉,,,,,,,,,0,,0,,,,0,,,0,,,0,0,,,0.00,,,0.00,,,,,
,,,,,,,,,,,,,,,,,,,,,,,,,,,,,,,,,
當期所得稅負債,,,,,,,,,0,,"35,659,972",,,,"87,653,326",,,"58,579,869",,,17,14,,,0.00,,,"6,586,515.00",,,,,
,,,,,,,,,,,,,,,,,,,,,,,,,,,,,,,,,
應付薪資,,,,,,,,,0,,"16,465,504",,,,"358,208,221",,,"358,454,360",,,72,134,,,0.00,,,"16,711,643.00",,,,,
,,,,,,,,,,,,,,,,,,,,,,,,,,,,,,,,,
應付年終獎金,,,,,,,,,0,,0,,,,"268,984",,,"25,825,967",,,2,12,,,0.00,,,"25,556,983.00",,,,,
,,,,,,,,,,,,,,,,,,,,,,,,,,,,,,,,,
應付年度獎金,,,,,,,,,0,,"928,908",,,,"1,782,626",,,"2,098,131",,,3,3,,,0.00,,,"1,244,413.00",,,,,
,,,,,,,,,,,,,,,,,,,,,,,,,,,,,,,,,
應付第三季獎金,,,,,,,,,0,,0,,,,0,,,0,,,0,0,,,0.00,,,0.00,,,,,
,,,,,,,,,,,,,,,,,,,,,,,,,,,,,,,,,
應付Incentive award,,,,,,,,,0,,"4,000,000",,,,"7,000,000",,,"5,250,000",,,4,12,,,0.00,,,"2,250,000.00",,,,,
,,,,,,,,,,,,,,,,,,,,,,,,,,,,,,,,,
應付6%退休金費用,,,,,,,,,0,,"2,498,728",,,,"10,040,287",,,"10,100,596",,,12,12,,,0.00,,,"2,559,037.00",,,,,
,,,,,,,,,,,,,,,,,,,,,,,,,,,,,,,,,
應付年休準備金,,,,,,,,,0,,0,,,,"807,674",,,"823,637",,,11,12,,,0.00,,,"15,963.00",,,,,
,,,,,,,,,,,,,,,,,,,,,,,,,,,,,,,,,
應付租金,,,,,,,,,0,,0,,,,0,,,0,,,0,0,,,0.00,,,0.00,,,,,
,,,,,,,,,,,,,,,,,,,,,,,,,,,,,,,,,
應付利息,,,,,,,,,0,,0,,,,"212,144",,,"235,143",,,8,9,,,0.00,,,"22,999.00",,,,,
,,,,,,,,,,,,,,,,,,,,,,,,,,,,,,,,,
暫估應付費用,,,,,,,,,0,,"28,353,594",,,,"324,381,083",,,"325,625,773",,,288,291,,,0.00,,,"29,598,284.00",,,,,
,,,,,,,,,,,,,,,,,,,,,,,,,,,,,,,,,
暫估應付加工費,,,,,,,,,0,,"945,015",,,,"15,426,632",,,"17,370,189",,,72,62,,,0.00,,,"2,888,572.00",,,,,
,,,,,,,,,,,,,,,,,,,,,,,,,,,,,,,,,
應付加工費,,,,,,,,,0,,"18,477,143",,,,"107,658,803",,,"100,938,351",,,179,518,,,0.00,,,"11,756,691.00",,,,,
,,,,,,,,,,,,,,,,,,,,,,,,,,,,,,,,,
應付員工紅利,,,,,,,,,0,,"6,678,957",,,,"11,237,898",,,"8,165,740",,,10,11,,,0.00,,,"3,606,799.00",,,,,
,,,,,,,,,,,,,,,,,,,,,,,,,,,,,,,,,
應付董監事酬勞,,,,,,,,,0,,"2,154,502",,,,"3,623,620",,,"2,551,158",,,12,11,,,0.00,,,"1,082,040.00",,,,,
,,,,,,,,,,,,,,,,,,,,,,,,,,,,,,,,,
其他應付費用,,,,,,,,,0,,"23,035,122",,,,"158,961,533",,,"159,818,704",,,"1,592","2,400",,,0.00,,,"23,892,293.00",,,,,
,,,,,,,,,,,,,,,,,,,,,,,,,,,,,,,,,
應付勞務費,,,,,,,,,0,,"1,735,900",,,,"3,233,449",,,"3,113,159",,,30,42,,,0.00,,,"1,615,610.00",,,,,
,,,,,,,,,,,,,,,,,,,,,,,,,,,,,,,,,
應付保險費,,,,,,,,,0,,"2,761,895",,,,"16,785,385",,,"16,834,379",,,31,31,,,0.00,,,"2,810,889.00",,,,,
,,,,,,,,,,,,,,,,,,,,,,,,,,,,,,,,,
其他應付費用-關係人,,,,,,,,,0,,0,,,,0,,,0,,,0,0,,,0.00,,,0.00,,,,,
,,,,,,,,,,,,,,,,,,,,,,,,,,,,,,,,,
持有供交易金融負債-流動,,,,,,,,,0,,0,,,,0,,,0,,,0,0,,,0.00,,,0.00,,,,,
,,,,,,,,,,,,,,,,,,,,,,,,,,,,,,,,,
持有供交易金融負債評價調整-流動,,,,,,,,,0,,0,,,,0,,,0,,,0,0,,,0.00,,,0.00,,,,,
,,,,,,,,,,,,,,,,,,,,,,,,,,,,,,,,,
其他應付款項-關係人-USA,,,,,,,,,0,,"273,108",,,,"1,219,904",,,"953,830",,,32,43,,,0.00,,,"7,034.00",,,,,
,,,,,,,,,,,,,,,,,,,,,,,,,,,,,,,,,
其他應付款項-關係人-賽弗萊,,,,,,,,,0,,"791,614",,,,"574,556",,,"855,859",,,18,29,,,0.00,,,"1,072,917.00",,,,,
,,,,,,,,,,,,,,,,,,,,,,,,,,,,,,,,,
其他應付款項-關係人-DACH,,,,,,,,,0,,"4,884,576",,,,"19,828,263",,,"17,194,017",,,12,13,,,0.00,,,"2,250,330.00",,,,,
,,,,,,,,,,,,,,,,,,,,,,,,,,,,,,,,,
其他應付款項-關係人-亞元,,,,,,,,,0,,0,,,,"104,662",,,"104,662",,,4,4,,,0.00,,,0.00,,,,,
,,,,,,,,,,,,,,,,,,,,,,,,,,,,,,,,,
其他應付款項-關係人-威建,,,,,,,,,0,,0,,,,0,,,0,,,0,0,,,0.00,,,0.00,,,,,
,,,,,,,,,,,,,,,,,,,,,,,,,,,,,,,,,
其他應付款項-關係人-醫電,,,,,,,,,0,,0,,,,0,,,0,,,0,0,,,0.00,,,0.00,,,,,
,,,,,,,,,,,,,,,,,,,,,,,,,,,,,,,,,
其他應付款項-關係人-UK,,,,,,,,,0,,"471,567",,,,"580,044",,,"108,477",,,2,1,,,0.00,,,0.00,,,,,
,,,,,,,,,,,,,,,,,,,,,,,,,,,,,,,,,
其他應付款項-關係人-智碁,,,,,,,,,0,,0,,,,0,,,0,,,0,0,,,0.00,,,0.00,,,,,
,,,,,,,,,,,,,,,,,,,,,,,,,,,,,,,,,
其他應付款項-關係人-欣晉,,,,,,,,,0,,"19,810,722",,,,"94,177,685",,,"98,163,232",,,40,38,,,0.00,,,"23,796,269.00",,,,,
,,,,,,,,,,,,,,,,,,,,,,,,,,,,,,,,,
其他應付款項-關係人-SAMOA,,,,,,,,,0,,0,,,,"1,581,427",,,"1,581,427",,,9,9,,,0.00,,,0.00,,,,,
,,,,,,,,,,,,,,,,,,,,,,,,,,,,,,,,,
暫估其他應付款項-關係人,,,,,,,,,0,,0,,,,"260,683,815",,,"260,683,815",,,104,103,,,0.00,,,0.00,,,,,
,,,,,,,,,,,,,,,,,,,,,,,,,,,,,,,,,
銷項稅額,,,,,,,,,0,,0,,,,"10,541,865",,,"10,541,865",,,60,901,,,0.00,,,0.00,,,,,
,,,,,,,,,,,,,,,,,,,,,,,,,,,,,,,,,
應付營業稅,,,,,,,,,0,,0,,,,0,,,0,,,0,0,,,0.00,,,0.00,,,,,
應付股利,,,,,,,,,0,,0,,,,"68,489,120",,,"68,489,120",,,3,1,,,0.00,,,0.00,,,,,
,,,,,,,,,,,,,,,,,,,,,,,,,,,,,,,,,
應付設備款,,,,,,,,,0,,"2,775,365",,,,"26,671,380",,,"31,685,528",,,88,122,,,0.00,,,"7,789,513.00",,,,,
,,,,,,,,,,,,,,,,,,,,,,,,,,,,,,,,,
其他應付款-其他,,,,,,,,,0,,0,,,,0,,,0,,,0,0,,,0.00,,,0.00,,,,,
,,,,,,,,,,,,,,,,,,,,,,,,,,,,,,,,,
預收貨款,,,,,,,,,0,,"7,328,744",,,,"1,804,302,009",,,"1,800,014,633",,,38,39,,,0.00,,,"3,041,368.00",,,,,
,,,,,,,,,,,,,,,,,,,,,,,,,,,,,,,,,
其他預收款,,,,,,,,,0,,0,,,,0,,,0,,,0,0,,,0.00,,,0.00,,,,,
,,,,,,,,,,,,,,,,,,,,,,,,,,,,,,,,,
一年內到期之長期借款,,,,,,,,,0,,0,,,,"11,573,376",,,"17,428,317",,,2,3,,,0.00,,,"5,854,941.00",,,,,
,,,,,,,,,,,,,,,,,,,,,,,,,,,,,,,,,
暫收款,,,,,,,,,0,,"3,074,142",,,,"2,355,123,707",,,"2,355,123,707",,,"1,109","1,942",,,0.00,,,"3,074,142.00",,,,,
,,,,,,,,,,,,,,,,,,,,,,,,,,,,,,,,,
暫收款-過渡,,,,,,,,,0,,0,,,,"23,900,629",,,"23,900,629",,,19,19,,,0.00,,,0.00,,,,,
,,,,,,,,,,,,,,,,,,,,,,,,,,,,,,,,,
代收款-所得稅,,,,,,,,,0,,"1,638,353",,,,"7,212,761",,,"6,128,132",,,53,28,,,0.00,,,"553,724.00",,,,,
,,,,,,,,,,,,,,,,,,,,,,,,,,,,,,,,,
代收款-勞保費,,,,,,,,,0,,"177,301",,,,"2,197,723",,,"2,212,177",,,47,23,,,0.00,,,"191,755.00",,,,,
,,,,,,,,,,,,,,,,,,,,,,,,,,,,,,,,,
代收款-健保費,,,,,,,,,0,,"324,577",,,,"3,821,671",,,"3,825,130",,,30,15,,,0.00,,,"328,036.00",,,,,
,,,,,,,,,,,,,,,,,,,,,,,,,,,,,,,,,
代收款-退休金自提,,,,,,,,,0,,"199,740",,,,"1,150,642",,,"1,115,856",,,12,12,,,0.00,,,"164,954.00",,,,,
,,,,,,,,,,,,,,,,,,,,,,,,,,,,,,,,,
代收款-福利金,,,,,,,,,0,,0,,,,"839,596",,,"839,596",,,12,12,,,0.00,,,0.00,,,,,
,,,,,,,,,,,,,,,,,,,,,,,,,,,,,,,,,
代收款-勞務費,,,,,,,,,0,,"82,200",,,,"370,256",,,"313,746",,,30,28,,,0.00,,,"25,690.00",,,,,
,,,,,,,,,,,,,,,,,,,,,,,,,,,,,,,,,
代收款-二代健保,,,,,,,,,0,,0,,,,"1,293,384",,,"1,313,683",,,96,103,,,0.00,,,"20,299.00",,,,,
,,,,,,,,,,,,,,,,,,,,,,,,,,,,,,,,,
代收款-其它,,,,,,,,,0,,"5,000",,,,"604,361",,,"779,721",,,51,35,,,0.00,,,"180,360.00",,,,,
,,,,,,,,,,,,,,,,,,,,,,,,,,,,,,,,,
其他流動負債-其他,,,,,,,,,0,,0,,,,0,,,0,,,0,0,,,0.00,,,0.00,,,,,
,,,,,,,,,,,,,,,,,,,,,,,,,,,,,,,,,
銀行長期借款,,,,,,,,,0,,0,,,,"20,778,544",,,"41,573,376",,,10,3,,,0.00,,,"20,794,832.00",,,,,
,,,,,,,,,,,,,,,,,,,,,,,,,,,,,,,,,
遞延所得稅負債-所得稅,,,,,,,,,0,,0,,,,"19,358,319",,,"19,774,143",,,7,8,,,0.00,,,"415,824.00",,,,,
,,,,,,,,,,,,,,,,,,,,,,,,,,,,,,,,,
應付退休金費用／應計退休金負債,,,,,,,,,0,,"23,149,209",,,,"3,373,958",,,"1,711,695",,,24,24,,,0.00,,,"21,486,946.00",,,,,
,,,,,,,,,,,,,,,,,,,,,,,,,,,,,,,,,
存入保證金,,,,,,,,,0,,0,,,,0,,,0,,,0,0,,,0.00,,,0.00,,,,,
,,,,,,,,,,,,,,,,,,,,,,,,,,,,,,,,,
遞延貸項-聯屬公司間利益-USA,,,,,,,,,0,,"21,318,239",,,,"49,211,036",,,"27,892,797",,,8,8,,,0.00,,,0.00,,,,,
,,,,,,,,,,,,,,,,,,,,,,,,,,,,,,,,,
遞延貸項-聯屬公司間利益-賽弗萊,,,,,,,,,0,,"6,250,875",,,,"17,186,793",,,"10,935,918",,,10,6,,,0.00,,,0.00,,,,,
,,,,,,,,,,,,,,,,,,,,,,,,,,,,,,,,,
其他非流動負債-其他-USA,,,,,,,,,0,,0,,,,0,,,0,,,0,0,,,0.00,,,0.00,,,,,
,,,,,,,,,,,,,,,,,,,,,,,,,,,,,,,,,
其他非流動負債-其他-EMEA,,,,,,,,,0,,0,,,,0,,,0,,,0,0,,,0.00,,,0.00,,,,,
,,,,,,,,,,,,,,,,,,,,,,,,,,,,,,,,,
其他非流動負債-其他-SAMOA,,,,,,,,,0,,0,,,,0,,,0,,,0,0,,,0.00,,,0.00,,,,,
,,,,,,,,,,,,,,,,,,,,,,,,,,,,,,,,,
存入保證票據,,,,,,,,,0,,0,,,,0,,,0,,,0,0,,,0.00,,,0.00,,,,,
,,,,,,,,,,,,,,,,,,,,,,,,,,,,,,,,,
應付保證票據,,,,,,,,,0,,"524,760,000",,,,"721,880,000",,,"662,120,000",,,12,10,,,0.00,,,"465,000,000.00",,,,,
,,,,,,,,,,,,,,,,,,,,,,,,,,,,,,,,,
普通股股本,,,,,,,,,0,,"709,811,200",,,,0,,,0,,,0,0,,,0.00,,,"709,811,200.00",,,,,
,,,,,,,,,,,,,,,,,,,,,,,,,,,,,,,,,
特別股股本,,,,,,,,,0,,0,,,,0,,,0,,,0,0,,,0.00,,,0.00,,,,,
,,,,,,,,,,,,,,,,,,,,,,,,,,,,,,,,,
預收股本,,,,,,,,,0,,0,,,,0,,,0,,,0,0,,,0.00,,,0.00,,,,,
,,,,,,,,,,,,,,,,,,,,,,,,,,,,,,,,,
待分配股票股利,,,,,,,,,0,,0,,,,0,,,0,,,0,0,,,0.00,,,0.00,,,,,
,,,,,,,,,,,,,,,,,,,,,,,,,,,,,,,,,
資本公積-普通股股票溢價,,,,,,,,,0,,"1,101,000",,,,0,,,0,,,0,0,,,0.00,,,"1,101,000.00",,,,,
,,,,,,,,,,,,,,,,,,,,,,,,,,,,,,,,,
資本公積-員工認股權,,,,,,,,,0,,0,,,,0,,,0,,,0,0,,,0.00,,,0.00,,,,,
,,,,,,,,,,,,,,,,,,,,,,,,,,,,,,,,,
資本公積-庫藏股票交易,,,,,,,,,0,,0,,,,0,,,0,,,0,0,,,0.00,,,0.00,,,,,
,,,,,,,,,,,,,,,,,,,,,,,,,,,,,,,,,
資本公積-處分資產增益,,,,,,,,,0,,0,,,,0,,,0,,,0,0,,,0.00,,,0.00,,,,,
,,,,,,,,,,,,,,,,,,,,,,,,,,,,,,,,,
資本公積-採權益法認列子公司、關聯企業及合資企業股權淨,,,,,,,,,0,,0,,,,0,,,"3,523,040",,,0,1,,,0.00,,,"3,523,040.00",,,,,
,,,,,,,,,,,,,,,,,,,,,,,,,,,,,,,,,
法定盈餘公積,,,,,,,,,0,,"283,410,965",,,,0,,,"8,098,528",,,0,1,,,0.00,,,"291,509,493.00",,,,,
,,,,,,,,,,,,,,,,,,,,,,,,,,,,,,,,,
特別盈餘公積,,,,,,,,,0,,"5,787,199",,,,0,,,"1,070,009",,,0,1,,,0.00,,,"6,857,208.00",,,,,
,,,,,,,,,,,,,,,,,,,,,,,,,,,,,,,,,
累計盈虧,,,,,,,,,0,,"64,587,152",,,,"77,657,657",,,0,,,1,0,,,"13,070,505.00",,,0.00,,,,,
,,,,,,,,,,,,,,,,,,,,,,,,,,,,,,,,,
累計盈虧,,,,,,,,,0,,0,,,,0,,,0,,,0,0,,,0.00,,,0.00,,,,,
,,,,,,,,,,,,,,,,,,,,,,,,,,,,,,,,,
前期損益調整,,,,,,,,,0,,0,,,,0,,,0,,,0,0,,,0.00,,,0.00,,,,,
,,,,,,,,,,,,,,,,,,,,,,,,,,,,,,,,,
國外營運機構財務報表換算之兌換差額,,,,,,,,,"1,070,009",,0,,,,"20,533,702",,,"22,635,439",,,36,42,,,0.00,,,"1,031,728.00",,,,,
,,,,,,,,,,,,,,,,,,,,,,,,,,,,,,,,,
庫藏股票,,,,,,,,,"89,645,106",,0,,,,0,,,0,,,0,0,,,"89,645,106.00",,,0.00,,,,,
,,,,,,,,,,,,,,,,,,,,,,,,,,,,,,,,,
本期損益,,,,,,,,,0,,0,,,,"34,374,664",,,"87,520,715",,,4,8,,,0.00,,,"53,146,051.00",,,,,
,,,,,,,,,,,,,,,,,,,,,,,,,,,,,,,,,
本期損益,,,,,,,,,0,,0,,,,"87,520,715",,,"34,374,664",,,8,4,,,"53,146,051.00",,,0.00,,,,,
,,,,,,,,,,,,,,,,,,,,,,,,,,,,,,,,,
國外營運機構財務報表換算之兌換差額,,,,,,,,,0,,0,,,,0,,,0,,,0,0,,,0.00,,,0.00,,,,,
,,,,,,,,,,,,,,,,,,,,,,,,,,,,,,,,,
國外營運機構財務報表換算之兌換差額,,,,,,,,,0,,0,,,,0,,,0,,,0,0,,,0.00,,,0.00,,,,,
,,,,,,,,,,,,,,,,,,,,,,,,,,,,,,,,,
透過其他綜合損益按公允價值衡量之權益工具投資利益(損失),,,,,,,,,0,,0,,,,0,,,0,,,0,0,,,0.00,,,0.00,,,,,
,,,,,,,,,,,,,,,,,,,,,,,,,,,,,,,,,
透過其他綜合損益按公允價值衡量之權益工具投資利益(損失),,,,,,,,,0,,0,,,,0,,,0,,,0,0,,,0.00,,,0.00,,,,,
,,,,,,,,,,,,,,,,,,,,,,,,,,,,,,,,,
備供出售金融資產未實現損益,,,,,,,,,0,,0,,,,0,,,0,,,0,0,,,0.00,,,0.00,,,,,
,,,,,,,,,,,,,,,,,,,,,,,,,,,,,,,,,
備供出售金融資產未實現損益,,,,,,,,,0,,0,,,,0,,,0,,,0,0,,,0.00,,,0.00,,,,,
,,,,,,,,,,,,,,,,,,,,,,,,,,,,,,,,,
現金流量避險中屬有效避險部分之避險工具利益(損失),,,,,,,,,0,,0,,,,0,,,0,,,0,0,,,0.00,,,0.00,,,,,
現金流量避險中屬有效避險部分之避險工具利益(損失),,,,,,,,,0,,0,,,,0,,,0,,,0,0,,,0.00,,,0.00,,,,,
,,,,,,,,,,,,,,,,,,,,,,,,,,,,,,,,,
國外營運機構淨投資避險中屬有效避險之避險工具利益(損失),,,,,,,,,0,,0,,,,0,,,0,,,0,0,,,0.00,,,0.00,,,,,
,,,,,,,,,,,,,,,,,,,,,,,,,,,,,,,,,
國外營運機構淨投資避險中屬有效避險之避險工具利益(損失),,,,,,,,,0,,0,,,,0,,,0,,,0,0,,,0.00,,,0.00,,,,,
,,,,,,,,,,,,,,,,,,,,,,,,,,,,,,,,,
重估增值,,,,,,,,,0,,0,,,,0,,,0,,,0,0,,,0.00,,,0.00,,,,,
,,,,,,,,,,,,,,,,,,,,,,,,,,,,,,,,,
重估增值,,,,,,,,,0,,0,,,,0,,,0,,,0,0,,,0.00,,,0.00,,,,,
,,,,,,,,,,,,,,,,,,,,,,,,,,,,,,,,,
採用權益法之關聯企業及合資之其他權益份額,,,,,,,,,0,,0,,,,0,,,0,,,0,0,,,0.00,,,0.00,,,,,
,,,,,,,,,,,,,,,,,,,,,,,,,,,,,,,,,
採用權益法之關聯企業及合資之其他權益份額,,,,,,,,,0,,0,,,,0,,,0,,,0,0,,,0.00,,,0.00,,,,,
,,,,,,,,,,,,,,,,,,,,,,,,,,,,,,,,,
其他權益-其他,,,,,,,,,0,,0,,,,0,,,0,,,0,0,,,0.00,,,0.00,,,,,
,,,,,,,,,,,,,,,,,,,,,,,,,,,,,,,,,
其他權益-其他,,,,,,,,,0,,0,,,,0,,,0,,,0,0,,,0.00,,,0.00,,,,,
,,,,,,,,,,,,,,,,,,,,,,,,,,,,,,,,,
銷貨收入,,,,,,,,,0,,0,,,,"25,926,204",,,"1,351,541,720",,,69,"2,167",,,0.00,,,"1,325,615,516.00",,,,,
,,,,,,,,,,,,,,,,,,,,,,,,,,,,,,,,,
銷貨退回,,,,,,,,,0,,0,,,,"12,859,718",,,"11,386,466",,,21,2,,,"1,473,252.00",,,0.00,,,,,
,,,,,,,,,,,,,,,,,,,,,,,,,,,,,,,,,
銷貨折讓,,,,,,,,,0,,0,,,,"15,642,864",,,"13,796,285",,,53,14,,,"1,846,579.00",,,0.00,,,,,
,,,,,,,,,,,,,,,,,,,,,,,,,,,,,,,,,
其他營業收入,,,,,,,,,0,,0,,,,"18,106,922",,,"39,282,368",,,21,268,,,0.00,,,"21,175,446.00",,,,,
,,,,,,,,,,,,,,,,,,,,,,,,,,,,,,,,,
銷貨成本,,,,,,,,,0,,0,,,,"827,081,259",,,"23,883,621",,,162,65,,,"803,197,638.00",,,0.00,,,,,
,,,,,,,,,,,,,,,,,,,,,,,,,,,,,,,,,
直接人工-薪資費用,,,,,,,,,0,,0,,,,"9,259,372",,,"4,587,513",,,24,12,,,"4,671,859.00",,,0.00,,,,,
,,,,,,,,,,,,,,,,,,,,,,,,,,,,,,,,,
直接人工-加班費用,,,,,,,,,0,,0,,,,"726,140",,,"169,655",,,21,10,,,"556,485.00",,,0.00,,,,,
,,,,,,,,,,,,,,,,,,,,,,,,,,,,,,,,,
直接人工-Q3業績獎金,,,,,,,,,0,,0,,,,0,,,0,,,0,0,,,0.00,,,0.00,,,,,
,,,,,,,,,,,,,,,,,,,,,,,,,,,,,,,,,
直接人工-年度業績獎金,,,,,,,,,0,,0,,,,0,,,0,,,0,0,,,0.00,,,0.00,,,,,
,,,,,,,,,,,,,,,,,,,,,,,,,,,,,,,,,
直接人工-員工紅利,,,,,,,,,0,,0,,,,"192,137",,,"36,439",,,8,4,,,"155,698.00",,,0.00,,,,,
,,,,,,,,,,,,,,,,,,,,,,,,,,,,,,,,,
直接人工-年終獎金,,,,,,,,,0,,0,,,,"765,742",,,0,,,12,0,,,"765,742.00",,,0.00,,,,,
,,,,,,,,,,,,,,,,,,,,,,,,,,,,,,,,,
直接人工-勞保費,,,,,,,,,0,,0,,,,"686,587",,,"339,657",,,24,12,,,"346,930.00",,,0.00,,,,,
,,,,,,,,,,,,,,,,,,,,,,,,,,,,,,,,,
直接人工-健保費,,,,,,,,,0,,0,,,,"539,534",,,"270,069",,,24,12,,,"269,465.00",,,0.00,,,,,
,,,,,,,,,,,,,,,,,,,,,,,,,,,,,,,,,
直接人工-團保費,,,,,,,,,0,,0,,,,"86,455",,,"6,082",,,14,1,,,"80,373.00",,,0.00,,,,,
,,,,,,,,,,,,,,,,,,,,,,,,,,,,,,,,,
直接人工-其他保險費,,,,,,,,,0,,0,,,,0,,,0,,,0,0,,,0.00,,,0.00,,,,,
,,,,,,,,,,,,,,,,,,,,,,,,,,,,,,,,,
直接人工-健保費-補充保費,,,,,,,,,0,,0,,,,"7,285",,,"10,259",,,9,13,,,0.00,,,"2,974.00",,,,,
,,,,,,,,,,,,,,,,,,,,,,,,,,,,,,,,,
直接人工-伙食費,,,,,,,,,0,,0,,,,"601,409",,,"301,140",,,24,12,,,"300,269.00",,,0.00,,,,,
,,,,,,,,,,,,,,,,,,,,,,,,,,,,,,,,,
直接人工-職工福利,,,,,,,,,0,,0,,,,"116,949",,,0,,,12,0,,,"116,949.00",,,0.00,,,,,
,,,,,,,,,,,,,,,,,,,,,,,,,,,,,,,,,
直接人工-退休金,,,,,,,,,0,,0,,,,"138,010",,,"60,152",,,22,10,,,"77,858.00",,,0.00,,,,,
,,,,,,,,,,,,,,,,,,,,,,,,,,,,,,,,,
直接人工-退休金新制,,,,,,,,,0,,0,,,,"477,334",,,"235,307",,,24,12,,,"242,027.00",,,0.00,,,,,
,,,,,,,,,,,,,,,,,,,,,,,,,,,,,,,,,
直接人工-年休準備金,,,,,,,,,0,,0,,,,"823,637",,,"807,674",,,12,11,,,"15,963.00",,,0.00,,,,,
,,,,,,,,,,,,,,,,,,,,,,,,,,,,,,,,,
直接人工-誤餐費,,,,,,,,,0,,0,,,,"65,940",,,"19,530",,,21,10,,,"46,410.00",,,0.00,,,,,
,,,,,,,,,,,,,,,,,,,,,,,,,,,,,,,,,
已分攤直接人工,,,,,,,,,0,,0,,,,0,,,0,,,0,0,,,0.00,,,0.00,,,,,
,,,,,,,,,,,,,,,,,,,,,,,,,,,,,,,,,
製-薪資費用,,,,,,,,,0,,0,,,,"54,763,250",,,"27,263,974",,,120,60,,,"27,499,276.00",,,0.00,,,,,
,,,,,,,,,,,,,,,,,,,,,,,,,,,,,,,,,
製-加班費用,,,,,,,,,0,,0,,,,"383,459",,,"131,028",,,58,25,,,"252,431.00",,,0.00,,,,,
,,,,,,,,,,,,,,,,,,,,,,,,,,,,,,,,,
製-Q3業績獎金,,,,,,,,,0,,0,,,,0,,,0,,,0,0,,,0.00,,,0.00,,,,,
,,,,,,,,,,,,,,,,,,,,,,,,,,,,,,,,,
製-年度業績獎金,,,,,,,,,0,,0,,,,0,,,0,,,0,0,,,0.00,,,0.00,,,,,
,,,,,,,,,,,,,,,,,,,,,,,,,,,,,,,,,
製-員工紅利,,,,,,,,,0,,0,,,,"1,162,405",,,"212,760",,,40,20,,,"949,645.00",,,0.00,,,,,
,,,,,,,,,,,,,,,,,,,,,,,,,,,,,,,,,
製-年終獎金,,,,,,,,,0,,0,,,,"4,342,399",,,177,,,59,1,,,"4,342,222.00",,,0.00,,,,,
,,,,,,,,,,,,,,,,,,,,,,,,,,,,,,,,,
製-租金支出,,,,,,,,,0,,0,,,,"1,439,486",,,"144,000",,,300,36,,,"1,295,486.00",,,0.00,,,,,
,,,,,,,,,,,,,,,,,,,,,,,,,,,,,,,,,
製-文具用品,,,,,,,,,0,,0,,,,"7,700",,,827,,,80,5,,,"6,873.00",,,0.00,,,,,
,,,,,,,,,,,,,,,,,,,,,,,,,,,,,,,,,
製-印刷費,,,,,,,,,0,,0,,,,"140,725",,,0,,,100,0,,,"140,725.00",,,0.00,,,,,
,,,,,,,,,,,,,,,,,,,,,,,,,,,,,,,,,
製-差旅費,,,,,,,,,0,,0,,,,"21,857",,,0,,,8,0,,,"21,857.00",,,0.00,,,,,
,,,,,,,,,,,,,,,,,,,,,,,,,,,,,,,,,
製-交通費,,,,,,,,,0,,0,,,,"28,754",,,"1,715",,,453,15,,,"27,039.00",,,0.00,,,,,
,,,,,,,,,,,,,,,,,,,,,,,,,,,,,,,,,
製-交通費-自用車,,,,,,,,,0,,0,,,,0,,,0,,,0,0,,,0.00,,,0.00,,,,,
,,,,,,,,,,,,,,,,,,,,,,,,,,,,,,,,,
製-交通費-其他,,,,,,,,,0,,0,,,,0,,,0,,,0,0,,,0.00,,,0.00,,,,,
,,,,,,,,,,,,,,,,,,,,,,,,,,,,,,,,,
製-運費,,,,,,,,,0,,0,,,,"152,200",,,"10,414",,,181,21,,,"141,786.00",,,0.00,,,,,
,,,,,,,,,,,,,,,,,,,,,,,,,,,,,,,,,
製-運費-品質不良,,,,,,,,,0,,0,,,,0,,,0,,,0,0,,,0.00,,,0.00,,,,,
,,,,,,,,,,,,,,,,,,,,,,,,,,,,,,,,,
製-郵費,,,,,,,,,0,,0,,,,"7,368",,,0,,,20,0,,,"7,368.00",,,0.00,,,,,
,,,,,,,,,,,,,,,,,,,,,,,,,,,,,,,,,
製-電話費,,,,,,,,,0,,0,,,,"1,002,636",,,"465,003",,,814,201,,,"537,633.00",,,0.00,,,,,
,,,,,,,,,,,,,,,,,,,,,,,,,,,,,,,,,
製-通訊費,,,,,,,,,0,,0,,,,"768,818",,,"254,609",,,420,160,,,"514,209.00",,,0.00,,,,,
,,,,,,,,,,,,,,,,,,,,,,,,,,,,,,,,,
製-修繕費,,,,,,,,,0,,0,,,,"581,706",,,0,,,549,0,,,"581,706.00",,,0.00,,,,,
,,,,,,,,,,,,,,,,,,,,,,,,,,,,,,,,,
製-廣告費,,,,,,,,,0,,0,,,,0,,,0,,,0,0,,,0.00,,,0.00,,,,,
,,,,,,,,,,,,,,,,,,,,,,,,,,,,,,,,,
製-水電費,,,,,,,,,0,,0,,,,"4,300,803",,,"2,102,136",,,90,55,,,"2,198,667.00",,,0.00,,,,,
製-燃料費,,,,,,,,,0,,0,,,,"59,412",,,0,,,270,0,,,"59,412.00",,,0.00,,,,,
,,,,,,,,,,,,,,,,,,,,,,,,,,,,,,,,,
製-勞保費,,,,,,,,,0,,0,,,,"3,054,358",,,"1,517,615",,,120,60,,,"1,536,743.00",,,0.00,,,,,
,,,,,,,,,,,,,,,,,,,,,,,,,,,,,,,,,
製-健保費,,,,,,,,,0,,0,,,,"2,934,775",,,"1,471,019",,,120,60,,,"1,463,756.00",,,0.00,,,,,
,,,,,,,,,,,,,,,,,,,,,,,,,,,,,,,,,
製-團保費,,,,,,,,,0,,0,,,,"167,288",,,"11,705",,,56,4,,,"155,583.00",,,0.00,,,,,
,,,,,,,,,,,,,,,,,,,,,,,,,,,,,,,,,
製-其他保險費,,,,,,,,,0,,0,,,,"51,081",,,0,,,10,0,,,"51,081.00",,,0.00,,,,,
,,,,,,,,,,,,,,,,,,,,,,,,,,,,,,,,,
製-其他保險費,,,,,,,,,0,,0,,,,0,,,0,,,0,0,,,0.00,,,0.00,,,,,
,,,,,,,,,,,,,,,,,,,,,,,,,,,,,,,,,
製-健保費-補充保費,,,,,,,,,0,,0,,,,"43,573",,,"40,845",,,40,70,,,"2,728.00",,,0.00,,,,,
,,,,,,,,,,,,,,,,,,,,,,,,,,,,,,,,,
製-交際費,,,,,,,,,0,,0,,,,"5,026",,,700,,,14,1,,,"4,326.00",,,0.00,,,,,
,,,,,,,,,,,,,,,,,,,,,,,,,,,,,,,,,
製-捐贈,,,,,,,,,0,,0,,,,0,,,0,,,0,0,,,0.00,,,0.00,,,,,
,,,,,,,,,,,,,,,,,,,,,,,,,,,,,,,,,
製-稅捐,,,,,,,,,0,,0,,,,"56,521",,,0,,,10,0,,,"56,521.00",,,0.00,,,,,
,,,,,,,,,,,,,,,,,,,,,,,,,,,,,,,,,
製-呆帳損失,,,,,,,,,0,,0,,,,0,,,0,,,0,0,,,0.00,,,0.00,,,,,
,,,,,,,,,,,,,,,,,,,,,,,,,,,,,,,,,
製-折舊,,,,,,,,,0,,0,,,,"30,258,356",,,"9,484,913",,,199,24,,,"20,773,443.00",,,0.00,,,,,
,,,,,,,,,,,,,,,,,,,,,,,,,,,,,,,,,
製-各項攤提,,,,,,,,,0,,0,,,,"11,994,175",,,0,,,168,0,,,"11,994,175.00",,,0.00,,,,,
,,,,,,,,,,,,,,,,,,,,,,,,,,,,,,,,,
製-伙食費,,,,,,,,,0,,0,,,,"2,232,764",,,"1,114,035",,,120,60,,,"1,118,729.00",,,0.00,,,,,
,,,,,,,,,,,,,,,,,,,,,,,,,,,,,,,,,
製-職工福利,,,,,,,,,0,,0,,,,"429,040",,,"12,764",,,59,1,,,"416,276.00",,,0.00,,,,,
,,,,,,,,,,,,,,,,,,,,,,,,,,,,,,,,,
製-佣金支出,,,,,,,,,0,,0,,,,0,,,0,,,0,0,,,0.00,,,0.00,,,,,
,,,,,,,,,,,,,,,,,,,,,,,,,,,,,,,,,
製-訓練費,,,,,,,,,0,,0,,,,"21,773",,,"9,833",,,10,3,,,"11,940.00",,,0.00,,,,,
,,,,,,,,,,,,,,,,,,,,,,,,,,,,,,,,,
製-進口費用,,,,,,,,,0,,0,,,,"1,312,679",,,"1,429",,,144,1,,,"1,311,250.00",,,0.00,,,,,
,,,,,,,,,,,,,,,,,,,,,,,,,,,,,,,,,
製-出口費用,,,,,,,,,0,,0,,,,0,,,0,,,0,0,,,0.00,,,0.00,,,,,
,,,,,,,,,,,,,,,,,,,,,,,,,,,,,,,,,
製-退休金,,,,,,,,,0,,0,,,,"606,801",,,"275,267",,,110,50,,,"331,534.00",,,0.00,,,,,
,,,,,,,,,,,,,,,,,,,,,,,,,,,,,,,,,
製-退休金新制,,,,,,,,,0,,0,,,,"3,491,762",,,"1,738,979",,,120,60,,,"1,752,783.00",,,0.00,,,,,
,,,,,,,,,,,,,,,,,,,,,,,,,,,,,,,,,
製-勞務費-扣繳,,,,,,,,,0,,0,,,,0,,,0,,,0,0,,,0.00,,,0.00,,,,,
,,,,,,,,,,,,,,,,,,,,,,,,,,,,,,,,,
製-勞務費-非扣繳,,,,,,,,,0,,0,,,,"5,486",,,0,,,2,0,,,"5,486.00",,,0.00,,,,,
,,,,,,,,,,,,,,,,,,,,,,,,,,,,,,,,,
製-書報雜誌費,,,,,,,,,0,,0,,,,"8,271",,,"2,025",,,25,10,,,"6,246.00",,,0.00,,,,,
,,,,,,,,,,,,,,,,,,,,,,,,,,,,,,,,,
製-樣品費-外購,,,,,,,,,0,,0,,,,0,,,0,,,0,0,,,0.00,,,0.00,,,,,
,,,,,,,,,,,,,,,,,,,,,,,,,,,,,,,,,
製-樣品費-內部領用,,,,,,,,,0,,0,,,,"1,894,831",,,"832,428",,,126,25,,,"1,062,403.00",,,0.00,,,,,
,,,,,,,,,,,,,,,,,,,,,,,,,,,,,,,,,
製-雜項購置-列管,,,,,,,,,0,,0,,,,"544,465",,,"9,600",,,231,2,,,"534,865.00",,,0.00,,,,,
,,,,,,,,,,,,,,,,,,,,,,,,,,,,,,,,,
製-雜項購置-非列管,,,,,,,,,0,,0,,,,"61,137",,,"2,286",,,77,1,,,"58,851.00",,,0.00,,,,,
,,,,,,,,,,,,,,,,,,,,,,,,,,,,,,,,,
製-雜項購置-列管-MIS,,,,,,,,,0,,0,,,,0,,,0,,,0,0,,,0.00,,,0.00,,,,,
,,,,,,,,,,,,,,,,,,,,,,,,,,,,,,,,,
製-測試費,,,,,,,,,0,,0,,,,"12,300",,,0,,,12,0,,,"12,300.00",,,0.00,,,,,
,,,,,,,,,,,,,,,,,,,,,,,,,,,,,,,,,
製-底片工程費,,,,,,,,,0,,0,,,,0,,,0,,,0,0,,,0.00,,,0.00,,,,,
,,,,,,,,,,,,,,,,,,,,,,,,,,,,,,,,,
製-SMD鋼板費,,,,,,,,,0,,0,,,,"13,400",,,0,,,3,0,,,"13,400.00",,,0.00,,,,,
,,,,,,,,,,,,,,,,,,,,,,,,,,,,,,,,,
製-消耗品,,,,,,,,,0,,0,,,,"1,369,466",,,"1,040,983",,,334,58,,,"328,483.00",,,0.00,,,,,
,,,,,,,,,,,,,,,,,,,,,,,,,,,,,,,,,
製-治具,,,,,,,,,0,,0,,,,"795,166",,,"31,000",,,67,1,,,"764,166.00",,,0.00,,,,,
,,,,,,,,,,,,,,,,,,,,,,,,,,,,,,,,,
製-治具-非列管,,,,,,,,,0,,0,,,,"272,562",,,"13,823",,,64,2,,,"258,739.00",,,0.00,,,,,
,,,,,,,,,,,,,,,,,,,,,,,,,,,,,,,,,
製-加工費用,,,,,,,,,0,,0,,,,"101,524,695",,,"2,049,338",,,409,7,,,"99,475,357.00",,,0.00,,,,,
,,,,,,,,,,,,,,,,,,,,,,,,,,,,,,,,,
製-加工費用-折讓,,,,,,,,,0,,0,,,,0,,,0,,,0,0,,,0.00,,,0.00,,,,,
,,,,,,,,,,,,,,,,,,,,,,,,,,,,,,,,,
製-包裝費,,,,,,,,,0,,0,,,,"430,890",,,"67,100",,,48,4,,,"363,790.00",,,0.00,,,,,
,,,,,,,,,,,,,,,,,,,,,,,,,,,,,,,,,
製-RMA費用,,,,,,,,,0,,0,,,,0,,,0,,,0,0,,,0.00,,,0.00,,,,,
,,,,,,,,,,,,,,,,,,,,,,,,,,,,,,,,,
製-大樓管理費,,,,,,,,,0,,0,,,,"889,026",,,0,,,60,0,,,"889,026.00",,,0.00,,,,,
,,,,,,,,,,,,,,,,,,,,,,,,,,,,,,,,,
製-保全費,,,,,,,,,0,,0,,,,"420,504",,,0,,,55,0,,,"420,504.00",,,0.00,,,,,
,,,,,,,,,,,,,,,,,,,,,,,,,,,,,,,,,
製-雜費,,,,,,,,,0,,0,,,,"1,230,749",,,"3,320",,,562,5,,,"1,227,429.00",,,0.00,,,,,
,,,,,,,,,,,,,,,,,,,,,,,,,,,,,,,,,
製-手續費,,,,,,,,,0,,0,,,,"8,279",,,212,,,44,4,,,"8,067.00",,,0.00,,,,,
,,,,,,,,,,,,,,,,,,,,,,,,,,,,,,,,,
製-誤餐費,,,,,,,,,0,,0,,,,"34,780",,,"12,880",,,75,24,,,"21,900.00",,,0.00,,,,,
,,,,,,,,,,,,,,,,,,,,,,,,,,,,,,,,,
製-Corp.費用分攤,,,,,,,,,0,,0,,,,0,,,0,,,0,0,,,0.00,,,0.00,,,,,
,,,,,,,,,,,,,,,,,,,,,,,,,,,,,,,,,
製-汐止廠費用分攤,,,,,,,,,0,,0,,,,0,,,0,,,0,0,,,0.00,,,0.00,,,,,
,,,,,,,,,,,,,,,,,,,,,,,,,,,,,,,,,
製-製造處費用分攤,,,,,,,,,0,,0,,,,0,,,0,,,0,0,,,0.00,,,0.00,,,,,
,,,,,,,,,,,,,,,,,,,,,,,,,,,,,,,,,
製-品質管制處費用分攤,,,,,,,,,0,,0,,,,0,,,0,,,0,0,,,0.00,,,0.00,,,,,
,,,,,,,,,,,,,,,,,,,,,,,,,,,,,,,,,
己分攤製造費用,,,,,,,,,0,,0,,,,0,,,"192,651,269",,,0,36,,,0.00,,,"192,651,269.00",,,,,
,,,,,,,,,,,,,,,,,,,,,,,,,,,,,,,,,
勞-薪資費用,,,,,,,,,0,,0,,,,"190,867",,,"190,867",,,1,1,,,0.00,,,0.00,,,,,
,,,,,,,,,,,,,,,,,,,,,,,,,,,,,,,,,
勞-加班費用,,,,,,,,,0,,0,,,,0,,,0,,,0,0,,,0.00,,,0.00,,,,,
,,,,,,,,,,,,,,,,,,,,,,,,,,,,,,,,,
勞-Q3業績獎金,,,,,,,,,0,,0,,,,0,,,0,,,0,0,,,0.00,,,0.00,,,,,
,,,,,,,,,,,,,,,,,,,,,,,,,,,,,,,,,
勞-年度業績獎金,,,,,,,,,0,,0,,,,0,,,0,,,0,0,,,0.00,,,0.00,,,,,
勞-員工紅利,,,,,,,,,0,,0,,,,0,,,0,,,0,0,,,0.00,,,0.00,,,,,
,,,,,,,,,,,,,,,,,,,,,,,,,,,,,,,,,
勞-年終獎金,,,,,,,,,0,,0,,,,0,,,0,,,0,0,,,0.00,,,0.00,,,,,
,,,,,,,,,,,,,,,,,,,,,,,,,,,,,,,,,
勞-租金支出,,,,,,,,,0,,0,,,,0,,,0,,,0,0,,,0.00,,,0.00,,,,,
,,,,,,,,,,,,,,,,,,,,,,,,,,,,,,,,,
勞-文具用品,,,,,,,,,0,,0,,,,0,,,0,,,0,0,,,0.00,,,0.00,,,,,
,,,,,,,,,,,,,,,,,,,,,,,,,,,,,,,,,
勞-印刷費,,,,,,,,,0,,0,,,,0,,,0,,,0,0,,,0.00,,,0.00,,,,,
,,,,,,,,,,,,,,,,,,,,,,,,,,,,,,,,,
勞-差旅費,,,,,,,,,0,,0,,,,0,,,0,,,0,0,,,0.00,,,0.00,,,,,
,,,,,,,,,,,,,,,,,,,,,,,,,,,,,,,,,
勞-交通費,,,,,,,,,0,,0,,,,0,,,0,,,0,0,,,0.00,,,0.00,,,,,
,,,,,,,,,,,,,,,,,,,,,,,,,,,,,,,,,
勞-運費,,,,,,,,,0,,0,,,,0,,,0,,,0,0,,,0.00,,,0.00,,,,,
,,,,,,,,,,,,,,,,,,,,,,,,,,,,,,,,,
勞-運費-品質不良,,,,,,,,,0,,0,,,,0,,,0,,,0,0,,,0.00,,,0.00,,,,,
,,,,,,,,,,,,,,,,,,,,,,,,,,,,,,,,,
勞-郵費,,,,,,,,,0,,0,,,,0,,,0,,,0,0,,,0.00,,,0.00,,,,,
,,,,,,,,,,,,,,,,,,,,,,,,,,,,,,,,,
勞-電話費,,,,,,,,,0,,0,,,,"2,367",,,"2,367",,,2,4,,,0.00,,,0.00,,,,,
,,,,,,,,,,,,,,,,,,,,,,,,,,,,,,,,,
勞-通訊費,,,,,,,,,0,,0,,,,0,,,0,,,0,0,,,0.00,,,0.00,,,,,
,,,,,,,,,,,,,,,,,,,,,,,,,,,,,,,,,
勞-修繕費,,,,,,,,,0,,0,,,,0,,,0,,,0,0,,,0.00,,,0.00,,,,,
,,,,,,,,,,,,,,,,,,,,,,,,,,,,,,,,,
勞-廣告費,,,,,,,,,0,,0,,,,0,,,0,,,0,0,,,0.00,,,0.00,,,,,
,,,,,,,,,,,,,,,,,,,,,,,,,,,,,,,,,
勞-水電費,,,,,,,,,0,,0,,,,"9,748",,,"9,748",,,1,1,,,0.00,,,0.00,,,,,
,,,,,,,,,,,,,,,,,,,,,,,,,,,,,,,,,
勞-燃料費,,,,,,,,,0,,0,,,,0,,,0,,,0,0,,,0.00,,,0.00,,,,,
,,,,,,,,,,,,,,,,,,,,,,,,,,,,,,,,,
勞-勞保費,,,,,,,,,0,,0,,,,"20,640",,,"20,568",,,2,2,,,72.00,,,0.00,,,,,
,,,,,,,,,,,,,,,,,,,,,,,,,,,,,,,,,
勞-健保費,,,,,,,,,0,,0,,,,"21,587",,,"21,410",,,2,2,,,177.00,,,0.00,,,,,
,,,,,,,,,,,,,,,,,,,,,,,,,,,,,,,,,
勞-團保費,,,,,,,,,0,,0,,,,0,,,0,,,0,0,,,0.00,,,0.00,,,,,
,,,,,,,,,,,,,,,,,,,,,,,,,,,,,,,,,
勞-其他保險費,,,,,,,,,0,,0,,,,0,,,0,,,0,0,,,0.00,,,0.00,,,,,
,,,,,,,,,,,,,,,,,,,,,,,,,,,,,,,,,
勞-其他保險費,,,,,,,,,0,,0,,,,0,,,0,,,0,0,,,0.00,,,0.00,,,,,
,,,,,,,,,,,,,,,,,,,,,,,,,,,,,,,,,
勞-交際費,,,,,,,,,0,,0,,,,0,,,0,,,0,0,,,0.00,,,0.00,,,,,
,,,,,,,,,,,,,,,,,,,,,,,,,,,,,,,,,
勞-捐贈,,,,,,,,,0,,0,,,,0,,,0,,,0,0,,,0.00,,,0.00,,,,,
,,,,,,,,,,,,,,,,,,,,,,,,,,,,,,,,,
勞-稅捐,,,,,,,,,0,,0,,,,0,,,0,,,0,0,,,0.00,,,0.00,,,,,
,,,,,,,,,,,,,,,,,,,,,,,,,,,,,,,,,
勞-呆帳損失,,,,,,,,,0,,0,,,,0,,,0,,,0,0,,,0.00,,,0.00,,,,,
,,,,,,,,,,,,,,,,,,,,,,,,,,,,,,,,,
勞-折舊,,,,,,,,,0,,0,,,,0,,,0,,,0,0,,,0.00,,,0.00,,,,,
,,,,,,,,,,,,,,,,,,,,,,,,,,,,,,,,,
勞-各項攤提,,,,,,,,,0,,0,,,,0,,,0,,,0,0,,,0.00,,,0.00,,,,,
,,,,,,,,,,,,,,,,,,,,,,,,,,,,,,,,,
勞-伙食費,,,,,,,,,0,,0,,,,"7,800",,,"7,800",,,1,1,,,0.00,,,0.00,,,,,
,,,,,,,,,,,,,,,,,,,,,,,,,,,,,,,,,
勞-職工福利,,,,,,,,,0,,0,,,,0,,,0,,,0,0,,,0.00,,,0.00,,,,,
,,,,,,,,,,,,,,,,,,,,,,,,,,,,,,,,,
勞-佣金支出,,,,,,,,,0,,0,,,,0,,,0,,,0,0,,,0.00,,,0.00,,,,,
,,,,,,,,,,,,,,,,,,,,,,,,,,,,,,,,,
勞-訓練費,,,,,,,,,0,,0,,,,0,,,0,,,0,0,,,0.00,,,0.00,,,,,
,,,,,,,,,,,,,,,,,,,,,,,,,,,,,,,,,
勞-進口費用,,,,,,,,,0,,0,,,,0,,,0,,,0,0,,,0.00,,,0.00,,,,,
,,,,,,,,,,,,,,,,,,,,,,,,,,,,,,,,,
勞-出口費用,,,,,,,,,0,,0,,,,0,,,0,,,0,0,,,0.00,,,0.00,,,,,
,,,,,,,,,,,,,,,,,,,,,,,,,,,,,,,,,
勞-退休金,,,,,,,,,0,,0,,,,"2,095",,,"2,095",,,1,1,,,0.00,,,0.00,,,,,
,,,,,,,,,,,,,,,,,,,,,,,,,,,,,,,,,
勞-退休金新制,,,,,,,,,0,,0,,,,"35,921",,,"35,656",,,3,3,,,265.00,,,0.00,,,,,
,,,,,,,,,,,,,,,,,,,,,,,,,,,,,,,,,
勞-勞務費-扣繳,,,,,,,,,0,,0,,,,0,,,0,,,0,0,,,0.00,,,0.00,,,,,
,,,,,,,,,,,,,,,,,,,,,,,,,,,,,,,,,
勞-勞務費-非扣繳,,,,,,,,,0,,0,,,,0,,,0,,,0,0,,,0.00,,,0.00,,,,,
,,,,,,,,,,,,,,,,,,,,,,,,,,,,,,,,,
勞-書報雜誌費,,,,,,,,,0,,0,,,,0,,,0,,,0,0,,,0.00,,,0.00,,,,,
,,,,,,,,,,,,,,,,,,,,,,,,,,,,,,,,,
勞-樣品費-外購,,,,,,,,,0,,0,,,,0,,,0,,,0,0,,,0.00,,,0.00,,,,,
,,,,,,,,,,,,,,,,,,,,,,,,,,,,,,,,,
勞-樣品費-內部領用,,,,,,,,,0,,0,,,,0,,,0,,,0,0,,,0.00,,,0.00,,,,,
,,,,,,,,,,,,,,,,,,,,,,,,,,,,,,,,,
勞-雜項購置-列管,,,,,,,,,0,,0,,,,0,,,0,,,0,0,,,0.00,,,0.00,,,,,
,,,,,,,,,,,,,,,,,,,,,,,,,,,,,,,,,
勞-雜項購置-非列管,,,,,,,,,0,,0,,,,0,,,0,,,0,0,,,0.00,,,0.00,,,,,
,,,,,,,,,,,,,,,,,,,,,,,,,,,,,,,,,
勞-雜項購置-列管-MIS,,,,,,,,,0,,0,,,,0,,,0,,,0,0,,,0.00,,,0.00,,,,,
,,,,,,,,,,,,,,,,,,,,,,,,,,,,,,,,,
勞-測試費,,,,,,,,,0,,0,,,,0,,,0,,,0,0,,,0.00,,,0.00,,,,,
,,,,,,,,,,,,,,,,,,,,,,,,,,,,,,,,,
勞-底片工程費,,,,,,,,,0,,0,,,,0,,,0,,,0,0,,,0.00,,,0.00,,,,,
,,,,,,,,,,,,,,,,,,,,,,,,,,,,,,,,,
勞-SMD鋼板費,,,,,,,,,0,,0,,,,0,,,0,,,0,0,,,0.00,,,0.00,,,,,
,,,,,,,,,,,,,,,,,,,,,,,,,,,,,,,,,
勞-消耗品,,,,,,,,,0,,0,,,,0,,,0,,,0,0,,,0.00,,,0.00,,,,,
,,,,,,,,,,,,,,,,,,,,,,,,,,,,,,,,,
勞-治具,,,,,,,,,0,,0,,,,0,,,0,,,0,0,,,0.00,,,0.00,,,,,
,,,,,,,,,,,,,,,,,,,,,,,,,,,,,,,,,
勞-治具-非列管,,,,,,,,,0,,0,,,,0,,,0,,,0,0,,,0.00,,,0.00,,,,,
,,,,,,,,,,,,,,,,,,,,,,,,,,,,,,,,,
勞-加工費用,,,,,,,,,0,,0,,,,0,,,0,,,0,0,,,0.00,,,0.00,,,,,
,,,,,,,,,,,,,,,,,,,,,,,,,,,,,,,,,
勞-加工費用-折讓,,,,,,,,,0,,0,,,,0,,,0,,,0,0,,,0.00,,,0.00,,,,,
,,,,,,,,,,,,,,,,,,,,,,,,,,,,,,,,,
勞-包裝費,,,,,,,,,0,,0,,,,0,,,0,,,0,0,,,0.00,,,0.00,,,,,
,,,,,,,,,,,,,,,,,,,,,,,,,,,,,,,,,
勞-RMA費用,,,,,,,,,0,,0,,,,0,,,0,,,0,0,,,0.00,,,0.00,,,,,
勞-RMA費用-原物料,,,,,,,,,0,,0,,,,0,,,0,,,0,0,,,0.00,,,0.00,,,,,
,,,,,,,,,,,,,,,,,,,,,,,,,,,,,,,,,
勞-RMA費用-人工,,,,,,,,,0,,0,,,,0,,,0,,,0,0,,,0.00,,,0.00,,,,,
,,,,,,,,,,,,,,,,,,,,,,,,,,,,,,,,,
維修成本-保固內-原物料,,,,,,,,,0,,0,,,,0,,,0,,,0,0,,,0.00,,,0.00,,,,,
,,,,,,,,,,,,,,,,,,,,,,,,,,,,,,,,,
維修成本-保固內-人工,,,,,,,,,0,,0,,,,"213,444",,,"213,444",,,1,1,,,0.00,,,0.00,,,,,
,,,,,,,,,,,,,,,,,,,,,,,,,,,,,,,,,
維修成本-保固外-原物料,,,,,,,,,0,,0,,,,"984,618",,,"8,448",,,28,4,,,"976,170.00",,,0.00,,,,,
,,,,,,,,,,,,,,,,,,,,,,,,,,,,,,,,,
維修成本-保固外-人工,,,,,,,,,0,,0,,,,"334,390",,,0,,,5,0,,,"334,390.00",,,0.00,,,,,
,,,,,,,,,,,,,,,,,,,,,,,,,,,,,,,,,
勞-大樓管理費,,,,,,,,,0,,0,,,,0,,,0,,,0,0,,,0.00,,,0.00,,,,,
,,,,,,,,,,,,,,,,,,,,,,,,,,,,,,,,,
勞-保全費,,,,,,,,,0,,0,,,,0,,,0,,,0,0,,,0.00,,,0.00,,,,,
,,,,,,,,,,,,,,,,,,,,,,,,,,,,,,,,,
勞-雜費,,,,,,,,,0,,0,,,,0,,,0,,,0,0,,,0.00,,,0.00,,,,,
,,,,,,,,,,,,,,,,,,,,,,,,,,,,,,,,,
勞-手續費,,,,,,,,,0,,0,,,,0,,,0,,,0,0,,,0.00,,,0.00,,,,,
,,,,,,,,,,,,,,,,,,,,,,,,,,,,,,,,,
勞-誤餐費,,,,,,,,,0,,0,,,,0,,,0,,,0,0,,,0.00,,,0.00,,,,,
,,,,,,,,,,,,,,,,,,,,,,,,,,,,,,,,,
勞-Corp.費用分攤,,,,,,,,,0,,0,,,,0,,,0,,,0,0,,,0.00,,,0.00,,,,,
,,,,,,,,,,,,,,,,,,,,,,,,,,,,,,,,,
勞-汐止廠費用分攤,,,,,,,,,0,,0,,,,0,,,0,,,0,0,,,0.00,,,0.00,,,,,
,,,,,,,,,,,,,,,,,,,,,,,,,,,,,,,,,
勞-製造處費用分攤,,,,,,,,,0,,0,,,,0,,,0,,,0,0,,,0.00,,,0.00,,,,,
,,,,,,,,,,,,,,,,,,,,,,,,,,,,,,,,,
己分攤勞務'費用,,,,,,,,,0,,0,,,,0,,,0,,,0,0,,,0.00,,,0.00,,,,,
,,,,,,,,,,,,,,,,,,,,,,,,,,,,,,,,,
直接原料價格差異,,,,,,,,,0,,0,,,,"17,912",,,"331,979",,,34,42,,,0.00,,,"314,067.00",,,,,
,,,,,,,,,,,,,,,,,,,,,,,,,,,,,,,,,
直接原料數量差異,,,,,,,,,0,,0,,,,0,,,0,,,0,0,,,0.00,,,0.00,,,,,
,,,,,,,,,,,,,,,,,,,,,,,,,,,,,,,,,
直接人工費率差異,,,,,,,,,0,,0,,,,0,,,0,,,0,0,,,0.00,,,0.00,,,,,
,,,,,,,,,,,,,,,,,,,,,,,,,,,,,,,,,
直接人工效率差異,,,,,,,,,0,,0,,,,0,,,0,,,0,0,,,0.00,,,0.00,,,,,
,,,,,,,,,,,,,,,,,,,,,,,,,,,,,,,,,
製造費用用款差異,,,,,,,,,0,,0,,,,0,,,0,,,0,0,,,0.00,,,0.00,,,,,
,,,,,,,,,,,,,,,,,,,,,,,,,,,,,,,,,
製造費用效率差異,,,,,,,,,0,,0,,,,0,,,0,,,0,0,,,0.00,,,0.00,,,,,
,,,,,,,,,,,,,,,,,,,,,,,,,,,,,,,,,
製造費用數量差異,,,,,,,,,0,,0,,,,0,,,0,,,0,0,,,0.00,,,0.00,,,,,
,,,,,,,,,,,,,,,,,,,,,,,,,,,,,,,,,
其他營業成本,,,,,,,,,0,,0,,,,0,,,0,,,0,0,,,0.00,,,0.00,,,,,
,,,,,,,,,,,,,,,,,,,,,,,,,,,,,,,,,
存貨跌價損失,,,,,,,,,0,,0,,,,"50,929,466",,,"50,929,466",,,11,11,,,0.00,,,0.00,,,,,
,,,,,,,,,,,,,,,,,,,,,,,,,,,,,,,,,
存貨跌價回升利益,,,,,,,,,0,,0,,,,0,,,"602,407",,,0,1,,,0.00,,,"602,407.00",,,,,
,,,,,,,,,,,,,,,,,,,,,,,,,,,,,,,,,
聯屬公司間未實現利益-USA,,,,,,,,,0,,0,,,,"27,892,797",,,"9,846,208",,,8,6,,,"18,046,589.00",,,0.00,,,,,
,,,,,,,,,,,,,,,,,,,,,,,,,,,,,,,,,
聯屬公司間未實現利益-賽弗萊,,,,,,,,,0,,0,,,,"10,935,918",,,"6,503,496",,,6,8,,,"4,432,422.00",,,0.00,,,,,
,,,,,,,,,,,,,,,,,,,,,,,,,,,,,,,,,
聯屬公司間已實現利益-USA,,,,,,,,,0,,0,,,,0,,,"21,318,239",,,0,1,,,0.00,,,"21,318,239.00",,,,,
,,,,,,,,,,,,,,,,,,,,,,,,,,,,,,,,,
聯屬公司間已實現利益-賽弗萊,,,,,,,,,0,,0,,,,0,,,"6,250,875",,,0,1,,,0.00,,,"6,250,875.00",,,,,
,,,,,,,,,,,,,,,,,,,,,,,,,,,,,,,,,
銷-薪資費用,,,,,,,,,0,,0,,,,"88,179,446",,,"44,046,475",,,308,149,,,"44,132,971.00",,,0.00,,,,,
,,,,,,,,,,,,,,,,,,,,,,,,,,,,,,,,,
銷-加班費用,,,,,,,,,0,,0,,,,0,,,0,,,0,0,,,0.00,,,0.00,,,,,
,,,,,,,,,,,,,,,,,,,,,,,,,,,,,,,,,
銷-Q3業績獎金,,,,,,,,,0,,0,,,,0,,,0,,,0,0,,,0.00,,,0.00,,,,,
,,,,,,,,,,,,,,,,,,,,,,,,,,,,,,,,,
銷-年度業績獎金,,,,,,,,,0,,0,,,,0,,,0,,,0,0,,,0.00,,,0.00,,,,,
,,,,,,,,,,,,,,,,,,,,,,,,,,,,,,,,,
銷-員工紅利,,,,,,,,,0,,0,,,,"1,851,554",,,"342,628",,,99,48,,,"1,508,926.00",,,0.00,,,,,
,,,,,,,,,,,,,,,,,,,,,,,,,,,,,,,,,
銷-Sales incentive,,,,,,,,,0,,0,,,,"5,250,000",,,"4,803,048",,,12,1,,,"446,952.00",,,0.00,,,,,
,,,,,,,,,,,,,,,,,,,,,,,,,,,,,,,,,
銷-年終獎金,,,,,,,,,0,,0,,,,"6,573,136",,,"295,852",,,145,5,,,"6,277,284.00",,,0.00,,,,,
,,,,,,,,,,,,,,,,,,,,,,,,,,,,,,,,,
銷-股份基礎給付酬勞成本,,,,,,,,,0,,0,,,,0,,,0,,,0,0,,,0.00,,,0.00,,,,,
,,,,,,,,,,,,,,,,,,,,,,,,,,,,,,,,,
銷-租金支出,,,,,,,,,0,,0,,,,"6,027,413",,,"117,000",,,553,38,,,"5,910,413.00",,,0.00,,,,,
,,,,,,,,,,,,,,,,,,,,,,,,,,,,,,,,,
銷-文具用品,,,,,,,,,0,,0,,,,"9,498",,,614,,,288,32,,,"8,884.00",,,0.00,,,,,
,,,,,,,,,,,,,,,,,,,,,,,,,,,,,,,,,
銷-印刷費,,,,,,,,,0,,0,,,,"114,951",,,"30,000",,,331,2,,,"84,951.00",,,0.00,,,,,
,,,,,,,,,,,,,,,,,,,,,,,,,,,,,,,,,
銷-差旅費,,,,,,,,,0,,0,,,,"10,844,004",,,"1,496,294",,,"1,018",76,,,"9,347,710.00",,,0.00,,,,,
,,,,,,,,,,,,,,,,,,,,,,,,,,,,,,,,,
銷-交通費,,,,,,,,,0,,0,,,,"243,409",,,"59,872",,,"1,087",90,,,"183,537.00",,,0.00,,,,,
,,,,,,,,,,,,,,,,,,,,,,,,,,,,,,,,,
銷-交通費-自用車,,,,,,,,,0,,0,,,,0,,,0,,,0,0,,,0.00,,,0.00,,,,,
,,,,,,,,,,,,,,,,,,,,,,,,,,,,,,,,,
銷-交通費-其他,,,,,,,,,0,,0,,,,0,,,0,,,0,0,,,0.00,,,0.00,,,,,
,,,,,,,,,,,,,,,,,,,,,,,,,,,,,,,,,
銷-運費,,,,,,,,,0,,0,,,,"897,808",,,"114,704",,,"2,359",153,,,"783,104.00",,,0.00,,,,,
,,,,,,,,,,,,,,,,,,,,,,,,,,,,,,,,,
銷-報關費用,,,,,,,,,0,,0,,,,0,,,0,,,0,0,,,0.00,,,0.00,,,,,
,,,,,,,,,,,,,,,,,,,,,,,,,,,,,,,,,
銷-運費-品質不良,,,,,,,,,0,,0,,,,"125,205",,,0,,,131,0,,,"125,205.00",,,0.00,,,,,
,,,,,,,,,,,,,,,,,,,,,,,,,,,,,,,,,
銷-郵費,,,,,,,,,0,,0,,,,"12,932",,,0,,,143,0,,,"12,932.00",,,0.00,,,,,
,,,,,,,,,,,,,,,,,,,,,,,,,,,,,,,,,
銷-電話費,,,,,,,,,0,,0,,,,"802,279",,,"378,005",,,"1,858",458,,,"424,274.00",,,0.00,,,,,
,,,,,,,,,,,,,,,,,,,,,,,,,,,,,,,,,
銷-通訊費,,,,,,,,,0,,0,,,,"615,415",,,"203,034",,,948,361,,,"412,381.00",,,0.00,,,,,
,,,,,,,,,,,,,,,,,,,,,,,,,,,,,,,,,
銷-修繕費,,,,,,,,,0,,0,,,,"225,928",,,0,,,"1,206",0,,,"225,928.00",,,0.00,,,,,
,,,,,,,,,,,,,,,,,,,,,,,,,,,,,,,,,
銷-廣告費,,,,,,,,,0,,0,,,,"216,646",,,0,,,10,0,,,"216,646.00",,,0.00,,,,,
,,,,,,,,,,,,,,,,,,,,,,,,,,,,,,,,,
銷-媒體廣告費,,,,,,,,,0,,0,,,,0,,,0,,,0,0,,,0.00,,,0.00,,,,,
銷-媒體廣告費-主要客戶贊助,,,,,,,,,0,,0,,,,"85,243",,,0,,,3,0,,,"85,243.00",,,0.00,,,,,
,,,,,,,,,,,,,,,,,,,,,,,,,,,,,,,,,
銷-廣告費-DACH,,,,,,,,,0,,0,,,,0,,,0,,,0,0,,,0.00,,,0.00,,,,,
,,,,,,,,,,,,,,,,,,,,,,,,,,,,,,,,,
銷-水電費,,,,,,,,,0,,0,,,,"1,203,491",,,"593,689",,,270,138,,,"609,802.00",,,0.00,,,,,
,,,,,,,,,,,,,,,,,,,,,,,,,,,,,,,,,
銷-燃料費,,,,,,,,,0,,0,,,,"24,089",,,"1,666",,,"1,092",146,,,"22,423.00",,,0.00,,,,,
,,,,,,,,,,,,,,,,,,,,,,,,,,,,,,,,,
銷-勞保費,,,,,,,,,0,,0,,,,"3,512,509",,,"1,735,623",,,296,147,,,"1,776,886.00",,,0.00,,,,,
,,,,,,,,,,,,,,,,,,,,,,,,,,,,,,,,,
銷-健保費,,,,,,,,,0,,0,,,,"4,449,405",,,"2,229,373",,,295,148,,,"2,220,032.00",,,0.00,,,,,
,,,,,,,,,,,,,,,,,,,,,,,,,,,,,,,,,
銷-團保費,,,,,,,,,0,,0,,,,"203,985",,,"14,713",,,161,12,,,"189,272.00",,,0.00,,,,,
,,,,,,,,,,,,,,,,,,,,,,,,,,,,,,,,,
銷-其他保險費,,,,,,,,,0,,0,,,,"84,386",,,"44,022",,,60,37,,,"40,364.00",,,0.00,,,,,
,,,,,,,,,,,,,,,,,,,,,,,,,,,,,,,,,
銷-其他保險費,,,,,,,,,0,,0,,,,0,,,0,,,0,0,,,0.00,,,0.00,,,,,
,,,,,,,,,,,,,,,,,,,,,,,,,,,,,,,,,
銷-健保費-補充保費,,,,,,,,,0,,0,,,,"162,712",,,"86,703",,,133,144,,,"76,009.00",,,0.00,,,,,
,,,,,,,,,,,,,,,,,,,,,,,,,,,,,,,,,
銷-交際費,,,,,,,,,0,,0,,,,"4,317,668",,,"2,576,209",,,521,73,,,"1,741,459.00",,,0.00,,,,,
,,,,,,,,,,,,,,,,,,,,,,,,,,,,,,,,,
銷-捐贈,,,,,,,,,0,,0,,,,0,,,0,,,0,0,,,0.00,,,0.00,,,,,
,,,,,,,,,,,,,,,,,,,,,,,,,,,,,,,,,
銷-稅捐,,,,,,,,,0,,0,,,,"47,805",,,0,,,23,0,,,"47,805.00",,,0.00,,,,,
,,,,,,,,,,,,,,,,,,,,,,,,,,,,,,,,,
銷-呆帳損失,,,,,,,,,0,,0,,,,"7,627,670",,,"6,297,314",,,16,14,,,"1,330,356.00",,,0.00,,,,,
,,,,,,,,,,,,,,,,,,,,,,,,,,,,,,,,,
銷-折舊,,,,,,,,,0,,0,,,,"1,096,869",,,0,,,156,0,,,"1,096,869.00",,,0.00,,,,,
,,,,,,,,,,,,,,,,,,,,,,,,,,,,,,,,,
銷-各項攤提,,,,,,,,,0,,0,,,,"499,902",,,0,,,138,0,,,"499,902.00",,,0.00,,,,,
,,,,,,,,,,,,,,,,,,,,,,,,,,,,,,,,,
銷-伙食費,,,,,,,,,0,,0,,,,"2,315,415",,,"1,152,946",,,297,148,,,"1,162,469.00",,,0.00,,,,,
,,,,,,,,,,,,,,,,,,,,,,,,,,,,,,,,,
銷-職工福利,,,,,,,,,0,,0,,,,"436,856",,,0,,,148,0,,,"436,856.00",,,0.00,,,,,
,,,,,,,,,,,,,,,,,,,,,,,,,,,,,,,,,
銷-佣金支出,,,,,,,,,0,,0,,,,"13,391,153",,,"9,919,087",,,42,30,,,"3,472,066.00",,,0.00,,,,,
,,,,,,,,,,,,,,,,,,,,,,,,,,,,,,,,,
銷-訓練費,,,,,,,,,0,,0,,,,"11,086",,,0,,,14,0,,,"11,086.00",,,0.00,,,,,
,,,,,,,,,,,,,,,,,,,,,,,,,,,,,,,,,
銷-進口費用,,,,,,,,,0,,0,,,,0,,,"23,317",,,0,7,,,0.00,,,"23,317.00",,,,,
,,,,,,,,,,,,,,,,,,,,,,,,,,,,,,,,,
銷-出口費用,,,,,,,,,0,,0,,,,"278,451,110",,,"260,128,195",,,"1,239",269,,,"18,322,915.00",,,0.00,,,,,
,,,,,,,,,,,,,,,,,,,,,,,,,,,,,,,,,
銷-退休金,,,,,,,,,0,,0,,,,"542,892",,,"281,871",,,189,86,,,"261,021.00",,,0.00,,,,,
,,,,,,,,,,,,,,,,,,,,,,,,,,,,,,,,,
銷-退休金新制,,,,,,,,,0,,0,,,,"5,015,009",,,"2,509,734",,,295,147,,,"2,505,275.00",,,0.00,,,,,
,,,,,,,,,,,,,,,,,,,,,,,,,,,,,,,,,
銷-勞務費-扣繳,,,,,,,,,0,,0,,,,0,,,0,,,0,0,,,0.00,,,0.00,,,,,
,,,,,,,,,,,,,,,,,,,,,,,,,,,,,,,,,
銷-勞務費-非扣繳,,,,,,,,,0,,0,,,,"1,058,849",,,0,,,7,0,,,"1,058,849.00",,,0.00,,,,,
,,,,,,,,,,,,,,,,,,,,,,,,,,,,,,,,,
銷-書報雜誌費,,,,,,,,,0,,0,,,,"7,599",,,"1,633",,,70,24,,,"5,966.00",,,0.00,,,,,
,,,,,,,,,,,,,,,,,,,,,,,,,,,,,,,,,
銷-樣品費-外購,,,,,,,,,0,,0,,,,"369,184",,,"111,443",,,22,7,,,"257,741.00",,,0.00,,,,,
,,,,,,,,,,,,,,,,,,,,,,,,,,,,,,,,,
銷-樣品費-內部領用,,,,,,,,,0,,0,,,,"15,048,236",,,"7,165,281",,,355,89,,,"7,882,955.00",,,0.00,,,,,
,,,,,,,,,,,,,,,,,,,,,,,,,,,,,,,,,
銷-雜項購置-列管,,,,,,,,,0,,0,,,,"526,872",,,0,,,536,0,,,"526,872.00",,,0.00,,,,,
,,,,,,,,,,,,,,,,,,,,,,,,,,,,,,,,,
銷-雜項購置-非列管,,,,,,,,,0,,0,,,,"99,736",,,"50,971",,,88,1,,,"48,765.00",,,0.00,,,,,
,,,,,,,,,,,,,,,,,,,,,,,,,,,,,,,,,
銷-雜項購置-列管-MIS,,,,,,,,,0,,0,,,,0,,,0,,,0,0,,,0.00,,,0.00,,,,,
,,,,,,,,,,,,,,,,,,,,,,,,,,,,,,,,,
銷-廣告代理商費,,,,,,,,,0,,0,,,,"4,291,001",,,"482,143",,,221,6,,,"3,808,858.00",,,0.00,,,,,
,,,,,,,,,,,,,,,,,,,,,,,,,,,,,,,,,
銷-網頁費用,,,,,,,,,0,,0,,,,"180,000",,,0,,,12,0,,,"180,000.00",,,0.00,,,,,
,,,,,,,,,,,,,,,,,,,,,,,,,,,,,,,,,
銷-其他媒體代理商費,,,,,,,,,0,,0,,,,0,,,0,,,0,0,,,0.00,,,0.00,,,,,
,,,,,,,,,,,,,,,,,,,,,,,,,,,,,,,,,
銷-廣告代理費-主要客戶贊助,,,,,,,,,0,,0,,,,0,,,0,,,0,0,,,0.00,,,0.00,,,,,
,,,,,,,,,,,,,,,,,,,,,,,,,,,,,,,,,
銷-市場支援-旅費,,,,,,,,,0,,0,,,,0,,,0,,,0,0,,,0.00,,,0.00,,,,,
,,,,,,,,,,,,,,,,,,,,,,,,,,,,,,,,,
銷-市場支援-推廣費,,,,,,,,,0,,0,,,,"839,376",,,0,,,18,0,,,"839,376.00",,,0.00,,,,,
,,,,,,,,,,,,,,,,,,,,,,,,,,,,,,,,,
銷-市場支援-廣告費,,,,,,,,,0,,0,,,,0,,,0,,,0,0,,,0.00,,,0.00,,,,,
,,,,,,,,,,,,,,,,,,,,,,,,,,,,,,,,,
銷-海報型錄製作費,,,,,,,,,0,,0,,,,"2,455,168",,,"1,356,122",,,126,47,,,"1,099,046.00",,,0.00,,,,,
,,,,,,,,,,,,,,,,,,,,,,,,,,,,,,,,,
銷-代理商會議費,,,,,,,,,0,,0,,,,"10,555,722",,,"7,412,238",,,34,27,,,"3,143,484.00",,,0.00,,,,,
,,,,,,,,,,,,,,,,,,,,,,,,,,,,,,,,,
銷-代理商會議費-旅費,,,,,,,,,0,,0,,,,"1,891,896",,,"458,133",,,101,11,,,"1,433,763.00",,,0.00,,,,,
,,,,,,,,,,,,,,,,,,,,,,,,,,,,,,,,,
銷-參展費,,,,,,,,,0,,0,,,,"9,299,307",,,"3,537,714",,,94,23,,,"5,761,593.00",,,0.00,,,,,
,,,,,,,,,,,,,,,,,,,,,,,,,,,,,,,,,
銷-參展費-旅費,,,,,,,,,0,,0,,,,0,,,0,,,0,0,,,0.00,,,0.00,,,,,
,,,,,,,,,,,,,,,,,,,,,,,,,,,,,,,,,
銷-市場研究調查費用,,,,,,,,,0,,0,,,,"8,033,322",,,"3,000,000",,,14,1,,,"5,033,322.00",,,0.00,,,,,
,,,,,,,,,,,,,,,,,,,,,,,,,,,,,,,,,
銷-權利金,,,,,,,,,0,,0,,,,"674,685",,,"292,320",,,13,5,,,"382,365.00",,,0.00,,,,,
,,,,,,,,,,,,,,,,,,,,,,,,,,,,,,,,,
銷-販促推廣費-主要客戶贊助,,,,,,,,,0,,0,,,,"6,242,668",,,"4,424,597",,,42,14,,,"1,818,071.00",,,0.00,,,,,
,,,,,,,,,,,,,,,,,,,,,,,,,,,,,,,,,
銷-RMA保固內-維修費用,,,,,,,,,0,,0,,,,"681,372",,,"39,790",,,67,5,,,"641,582.00",,,0.00,,,,,
,,,,,,,,,,,,,,,,,,,,,,,,,,,,,,,,,
銷-RMA保固內-人工,,,,,,,,,0,,0,,,,"1,370,407",,,"870,843",,,64,15,,,"499,564.00",,,0.00,,,,,
,,,,,,,,,,,,,,,,,,,,,,,,,,,,,,,,,
銷-RMA保固外-原物料,,,,,,,,,0,,0,,,,"1,010,541",,,"1,010,778",,,30,27,,,0.00,,,237.00,,,,,
,,,,,,,,,,,,,,,,,,,,,,,,,,,,,,,,,
銷-RMA保固外-人工,,,,,,,,,0,,0,,,,"480,638",,,"480,638",,,10,9,,,0.00,,,0.00,,,,,
,,,,,,,,,,,,,,,,,,,,,,,,,,,,,,,,,
銷-RMA費用-原物料,,,,,,,,,0,,0,,,,"755,142",,,"606,507",,,27,72,,,"148,635.00",,,0.00,,,,,
,,,,,,,,,,,,,,,,,,,,,,,,,,,,,,,,,
銷-大樓管理費,,,,,,,,,0,,0,,,,"730,988",,,"340,181",,,264,127,,,"390,807.00",,,0.00,,,,,
銷-保全費,,,,,,,,,0,,0,,,,"81,450",,,0,,,127,0,,,"81,450.00",,,0.00,,,,,
,,,,,,,,,,,,,,,,,,,,,,,,,,,,,,,,,
銷-雜費,,,,,,,,,0,,0,,,,"88,172,214",,,"65,015,761",,,"1,436",57,,,"23,156,453.00",,,0.00,,,,,
,,,,,,,,,,,,,,,,,,,,,,,,,,,,,,,,,
銷-手續費,,,,,,,,,0,,0,,,,"683,415",,,"5,378",,,"1,247",5,,,"678,037.00",,,0.00,,,,,
,,,,,,,,,,,,,,,,,,,,,,,,,,,,,,,,,
銷-誤餐費,,,,,,,,,0,,0,,,,0,,,0,,,0,0,,,0.00,,,0.00,,,,,
,,,,,,,,,,,,,,,,,,,,,,,,,,,,,,,,,
銷-消耗品,,,,,,,,,0,,0,,,,"4,110",,,0,,,4,0,,,"4,110.00",,,0.00,,,,,
,,,,,,,,,,,,,,,,,,,,,,,,,,,,,,,,,
銷-Corp.費用分攤,,,,,,,,,0,,0,,,,0,,,0,,,0,0,,,0.00,,,0.00,,,,,
,,,,,,,,,,,,,,,,,,,,,,,,,,,,,,,,,
銷-行銷本處費用分攤,,,,,,,,,0,,0,,,,0,,,0,,,0,0,,,0.00,,,0.00,,,,,
,,,,,,,,,,,,,,,,,,,,,,,,,,,,,,,,,
管-薪資費用,,,,,,,,,0,,0,,,,"62,038,932",,,"30,903,925",,,181,91,,,"31,135,007.00",,,0.00,,,,,
,,,,,,,,,,,,,,,,,,,,,,,,,,,,,,,,,
管-加班費用,,,,,,,,,0,,0,,,,0,,,0,,,0,0,,,0.00,,,0.00,,,,,
,,,,,,,,,,,,,,,,,,,,,,,,,,,,,,,,,
管-Q3業績獎金,,,,,,,,,0,,0,,,,0,,,0,,,0,0,,,0.00,,,0.00,,,,,
,,,,,,,,,,,,,,,,,,,,,,,,,,,,,,,,,
管-年度業績獎金,,,,,,,,,0,,0,,,,"2,098,131",,,"1,782,626",,,3,3,,,"315,505.00",,,0.00,,,,,
,,,,,,,,,,,,,,,,,,,,,,,,,,,,,,,,,
管-員工紅利,,,,,,,,,0,,0,,,,"2,100,628",,,"2,100,628",,,70,26,,,0.00,,,0.00,,,,,
,,,,,,,,,,,,,,,,,,,,,,,,,,,,,,,,,
管-董監事酬勞,,,,,,,,,0,,0,,,,"2,551,158",,,"1,469,118",,,11,9,,,"1,082,040.00",,,0.00,,,,,
,,,,,,,,,,,,,,,,,,,,,,,,,,,,,,,,,
管-年終獎金,,,,,,,,,0,,0,,,,"4,400,330",,,"823,839",,,84,8,,,"3,576,491.00",,,0.00,,,,,
,,,,,,,,,,,,,,,,,,,,,,,,,,,,,,,,,
管-董監事津貼,,,,,,,,,0,,0,,,,"2,260,000",,,"370,000",,,61,4,,,"1,890,000.00",,,0.00,,,,,
,,,,,,,,,,,,,,,,,,,,,,,,,,,,,,,,,
管-股份基礎給付酬勞成本,,,,,,,,,0,,0,,,,0,,,0,,,0,0,,,0.00,,,0.00,,,,,
,,,,,,,,,,,,,,,,,,,,,,,,,,,,,,,,,
管-租金支出,,,,,,,,,0,,0,,,,"4,099,464",,,"36,000",,,446,12,,,"4,063,464.00",,,0.00,,,,,
,,,,,,,,,,,,,,,,,,,,,,,,,,,,,,,,,
管-文具用品,,,,,,,,,0,,0,,,,"7,234",,,"1,396",,,246,30,,,"5,838.00",,,0.00,,,,,
,,,,,,,,,,,,,,,,,,,,,,,,,,,,,,,,,
管-印刷費,,,,,,,,,0,,0,,,,"335,341",,,"95,302",,,301,7,,,"240,039.00",,,0.00,,,,,
,,,,,,,,,,,,,,,,,,,,,,,,,,,,,,,,,
管-差旅費,,,,,,,,,0,,0,,,,"978,972",,,"323,215",,,80,14,,,"655,757.00",,,0.00,,,,,
,,,,,,,,,,,,,,,,,,,,,,,,,,,,,,,,,
管-交通費,,,,,,,,,0,,0,,,,"92,778",,,"13,019",,,632,36,,,"79,759.00",,,0.00,,,,,
,,,,,,,,,,,,,,,,,,,,,,,,,,,,,,,,,
管-交通費-自用車,,,,,,,,,0,,0,,,,0,,,0,,,0,0,,,0.00,,,0.00,,,,,
,,,,,,,,,,,,,,,,,,,,,,,,,,,,,,,,,
管-交通費-其他,,,,,,,,,0,,0,,,,0,,,0,,,0,0,,,0.00,,,0.00,,,,,
,,,,,,,,,,,,,,,,,,,,,,,,,,,,,,,,,
管-代理商會議費-旅費,,,,,,,,,0,,0,,,,"287,618",,,"63,679",,,10,2,,,"223,939.00",,,0.00,,,,,
,,,,,,,,,,,,,,,,,,,,,,,,,,,,,,,,,
管-運費,,,,,,,,,0,,0,,,,"40,279",,,"14,663",,,"1,555",31,,,"25,616.00",,,0.00,,,,,
,,,,,,,,,,,,,,,,,,,,,,,,,,,,,,,,,
管-郵費,,,,,,,,,0,,0,,,,"198,657",,,"27,232",,,361,5,,,"171,425.00",,,0.00,,,,,
,,,,,,,,,,,,,,,,,,,,,,,,,,,,,,,,,
管-電話費,,,,,,,,,0,,0,,,,"497,186",,,"228,300",,,"1,527",377,,,"268,886.00",,,0.00,,,,,
,,,,,,,,,,,,,,,,,,,,,,,,,,,,,,,,,
管-通訊費,,,,,,,,,0,,0,,,,"385,778",,,"129,439",,,780,297,,,"256,339.00",,,0.00,,,,,
,,,,,,,,,,,,,,,,,,,,,,,,,,,,,,,,,
管-修繕費,,,,,,,,,0,,0,,,,"2,103,900",,,"351,737",,,"1,023",5,,,"1,752,163.00",,,0.00,,,,,
,,,,,,,,,,,,,,,,,,,,,,,,,,,,,,,,,
管-廣告費,,,,,,,,,0,,0,,,,"39,142",,,0,,,2,0,,,"39,142.00",,,0.00,,,,,
,,,,,,,,,,,,,,,,,,,,,,,,,,,,,,,,,
管-水電費,,,,,,,,,0,,0,,,,"635,285",,,"313,249",,,228,115,,,"322,036.00",,,0.00,,,,,
,,,,,,,,,,,,,,,,,,,,,,,,,,,,,,,,,
管-燃料費,,,,,,,,,0,,0,,,,"13,993",,,"1,163",,,939,132,,,"12,830.00",,,0.00,,,,,
,,,,,,,,,,,,,,,,,,,,,,,,,,,,,,,,,
管-勞保費,,,,,,,,,0,,0,,,,"2,024,696",,,"1,010,496",,,187,95,,,"1,014,200.00",,,0.00,,,,,
,,,,,,,,,,,,,,,,,,,,,,,,,,,,,,,,,
管-健保費,,,,,,,,,0,,0,,,,"2,650,393",,,"1,322,558",,,183,99,,,"1,327,835.00",,,0.00,,,,,
,,,,,,,,,,,,,,,,,,,,,,,,,,,,,,,,,
管-團保費,,,,,,,,,0,,0,,,,"119,854",,,"7,455",,,105,8,,,"112,399.00",,,0.00,,,,,
,,,,,,,,,,,,,,,,,,,,,,,,,,,,,,,,,
管-其他保險費,,,,,,,,,0,,0,,,,"25,561",,,0,,,19,0,,,"25,561.00",,,0.00,,,,,
,,,,,,,,,,,,,,,,,,,,,,,,,,,,,,,,,
管-其他保險費,,,,,,,,,0,,0,,,,0,,,0,,,0,0,,,0.00,,,0.00,,,,,
,,,,,,,,,,,,,,,,,,,,,,,,,,,,,,,,,
管-健保費-補充保費,,,,,,,,,0,,0,,,,"200,975",,,"77,314",,,82,86,,,"123,661.00",,,0.00,,,,,
,,,,,,,,,,,,,,,,,,,,,,,,,,,,,,,,,
管-交際費,,,,,,,,,0,,0,,,,"675,088",,,"58,285",,,181,26,,,"616,803.00",,,0.00,,,,,
,,,,,,,,,,,,,,,,,,,,,,,,,,,,,,,,,
管-捐贈,,,,,,,,,0,,0,,,,0,,,0,,,0,0,,,0.00,,,0.00,,,,,
,,,,,,,,,,,,,,,,,,,,,,,,,,,,,,,,,
管-稅捐,,,,,,,,,0,,0,,,,"87,845",,,0,,,20,0,,,"87,845.00",,,0.00,,,,,
,,,,,,,,,,,,,,,,,,,,,,,,,,,,,,,,,
管-呆帳損失,,,,,,,,,0,,0,,,,"1,476,480",,,"2,214,720",,,2,3,,,0.00,,,"738,240.00",,,,,
,,,,,,,,,,,,,,,,,,,,,,,,,,,,,,,,,
管-折舊,,,,,,,,,0,,0,,,,"648,832",,,0,,,114,0,,,"648,832.00",,,0.00,,,,,
,,,,,,,,,,,,,,,,,,,,,,,,,,,,,,,,,
管-各項攤提,,,,,,,,,0,,0,,,,"500,284",,,0,,,114,0,,,"500,284.00",,,0.00,,,,,
,,,,,,,,,,,,,,,,,,,,,,,,,,,,,,,,,
管-伙食費,,,,,,,,,0,,0,,,,"1,439,829",,,"719,091",,,179,90,,,"720,738.00",,,0.00,,,,,
,,,,,,,,,,,,,,,,,,,,,,,,,,,,,,,,,
管-職工福利,,,,,,,,,0,,0,,,,"287,593",,,"16,910",,,90,1,,,"270,683.00",,,0.00,,,,,
,,,,,,,,,,,,,,,,,,,,,,,,,,,,,,,,,
管-佣金支出,,,,,,,,,0,,0,,,,0,,,0,,,0,0,,,0.00,,,0.00,,,,,
,,,,,,,,,,,,,,,,,,,,,,,,,,,,,,,,,
管-訓練費,,,,,,,,,0,,0,,,,"59,592",,,"10,700",,,21,2,,,"48,892.00",,,0.00,,,,,
,,,,,,,,,,,,,,,,,,,,,,,,,,,,,,,,,
管-進口費用,,,,,,,,,0,,0,,,,0,,,0,,,0,0,,,0.00,,,0.00,,,,,
,,,,,,,,,,,,,,,,,,,,,,,,,,,,,,,,,
管-出口費用,,,,,,,,,0,,0,,,,0,,,0,,,0,0,,,0.00,,,0.00,,,,,
,,,,,,,,,,,,,,,,,,,,,,,,,,,,,,,,,
管-退休金,,,,,,,,,0,,0,,,,"237,681",,,"82,838",,,100,44,,,"154,843.00",,,0.00,,,,,
,,,,,,,,,,,,,,,,,,,,,,,,,,,,,,,,,
管-退休金新制,,,,,,,,,0,,0,,,,"2,739,057",,,"1,347,548",,,181,92,,,"1,391,509.00",,,0.00,,,,,
,,,,,,,,,,,,,,,,,,,,,,,,,,,,,,,,,
管-勞務費-扣繳,,,,,,,,,0,,0,,,,"3,460,080",,,"260,000",,,80,3,,,"3,200,080.00",,,0.00,,,,,
管-勞務費-非扣繳,,,,,,,,,0,,0,,,,"1,704,968",,,"546,000",,,30,8,,,"1,158,968.00",,,0.00,,,,,
,,,,,,,,,,,,,,,,,,,,,,,,,,,,,,,,,
管-書報雜誌費,,,,,,,,,0,,0,,,,"14,573",,,"4,886",,,63,21,,,"9,687.00",,,0.00,,,,,
,,,,,,,,,,,,,,,,,,,,,,,,,,,,,,,,,
管-樣品費-外購,,,,,,,,,0,,0,,,,0,,,0,,,0,0,,,0.00,,,0.00,,,,,
,,,,,,,,,,,,,,,,,,,,,,,,,,,,,,,,,
管-樣品費-內部領用,,,,,,,,,0,,0,,,,"50,192",,,261,,,43,10,,,"49,931.00",,,0.00,,,,,
,,,,,,,,,,,,,,,,,,,,,,,,,,,,,,,,,
管-雜項購置-列管,,,,,,,,,0,,0,,,,"752,474",,,"16,400",,,438,1,,,"736,074.00",,,0.00,,,,,
,,,,,,,,,,,,,,,,,,,,,,,,,,,,,,,,,
管-雜項購置-非列管,,,,,,,,,0,,0,,,,"48,186",,,"39,300",,,65,3,,,"8,886.00",,,0.00,,,,,
,,,,,,,,,,,,,,,,,,,,,,,,,,,,,,,,,
管-雜項購置-列管-MIS,,,,,,,,,0,,0,,,,0,,,0,,,0,0,,,0.00,,,0.00,,,,,
,,,,,,,,,,,,,,,,,,,,,,,,,,,,,,,,,
管-大樓管理費,,,,,,,,,0,,0,,,,"463,985",,,"234,535",,,228,115,,,"229,450.00",,,0.00,,,,,
,,,,,,,,,,,,,,,,,,,,,,,,,,,,,,,,,
管-保全費,,,,,,,,,0,,0,,,,"36,315",,,0,,,105,0,,,"36,315.00",,,0.00,,,,,
,,,,,,,,,,,,,,,,,,,,,,,,,,,,,,,,,
管-雜費,,,,,,,,,0,,0,,,,"1,193,600",,,"12,922",,,"1,203",25,,,"1,180,678.00",,,0.00,,,,,
,,,,,,,,,,,,,,,,,,,,,,,,,,,,,,,,,
管-手續費,,,,,,,,,0,,0,,,,"275,759",,,"6,874",,,523,14,,,"268,885.00",,,0.00,,,,,
,,,,,,,,,,,,,,,,,,,,,,,,,,,,,,,,,
管-手續費-基金,,,,,,,,,0,,0,,,,0,,,0,,,0,0,,,0.00,,,0.00,,,,,
,,,,,,,,,,,,,,,,,,,,,,,,,,,,,,,,,
管-誤餐費,,,,,,,,,0,,0,,,,"7,375",,,560,,,17,1,,,"6,815.00",,,0.00,,,,,
,,,,,,,,,,,,,,,,,,,,,,,,,,,,,,,,,
管-Corp.費用分攤,,,,,,,,,0,,0,,,,0,,,0,,,0,0,,,0.00,,,0.00,,,,,
,,,,,,,,,,,,,,,,,,,,,,,,,,,,,,,,,
管-企支處費用分攤,,,,,,,,,0,,0,,,,0,,,0,,,0,0,,,0.00,,,0.00,,,,,
,,,,,,,,,,,,,,,,,,,,,,,,,,,,,,,,,
研-薪資費用,,,,,,,,,0,,0,,,,"145,604,315",,,"71,306,626",,,383,160,,,"74,297,689.00",,,0.00,,,,,
,,,,,,,,,,,,,,,,,,,,,,,,,,,,,,,,,
研-加班費用,,,,,,,,,0,,0,,,,0,,,0,,,0,0,,,0.00,,,0.00,,,,,
,,,,,,,,,,,,,,,,,,,,,,,,,,,,,,,,,
研-Q3業績獎金,,,,,,,,,0,,0,,,,0,,,0,,,0,0,,,0.00,,,0.00,,,,,
,,,,,,,,,,,,,,,,,,,,,,,,,,,,,,,,,
研-年度業績獎金,,,,,,,,,0,,0,,,,0,,,0,,,0,0,,,0.00,,,0.00,,,,,
,,,,,,,,,,,,,,,,,,,,,,,,,,,,,,,,,
研-員工紅利,,,,,,,,,0,,0,,,,"3,175,634",,,"2,183,104",,,125,43,,,"992,530.00",,,0.00,,,,,
,,,,,,,,,,,,,,,,,,,,,,,,,,,,,,,,,
研-年終獎金,,,,,,,,,0,,0,,,,"11,870,638",,,"1,275,394",,,164,3,,,"10,595,244.00",,,0.00,,,,,
,,,,,,,,,,,,,,,,,,,,,,,,,,,,,,,,,
研-股份基礎給付酬勞成本,,,,,,,,,0,,0,,,,0,,,0,,,0,0,,,0.00,,,0.00,,,,,
,,,,,,,,,,,,,,,,,,,,,,,,,,,,,,,,,
研-租金支出,,,,,,,,,0,,0,,,,"10,951,663",,,"136,919",,,703,21,,,"10,814,744.00",,,0.00,,,,,
,,,,,,,,,,,,,,,,,,,,,,,,,,,,,,,,,
研-文具用品,,,,,,,,,0,,0,,,,"15,008",,,955,,,345,40,,,"14,053.00",,,0.00,,,,,
,,,,,,,,,,,,,,,,,,,,,,,,,,,,,,,,,
研-印刷費,,,,,,,,,0,,0,,,,"138,784",,,101,,,418,1,,,"138,683.00",,,0.00,,,,,
,,,,,,,,,,,,,,,,,,,,,,,,,,,,,,,,,
研-差旅費,,,,,,,,,0,,0,,,,"1,206,955",,,"101,873",,,202,16,,,"1,105,082.00",,,0.00,,,,,
,,,,,,,,,,,,,,,,,,,,,,,,,,,,,,,,,
研-交通費,,,,,,,,,0,,0,,,,"252,672",,,"18,543",,,"1,273",65,,,"234,129.00",,,0.00,,,,,
,,,,,,,,,,,,,,,,,,,,,,,,,,,,,,,,,
研-交通費-自用車,,,,,,,,,0,,0,,,,0,,,0,,,0,0,,,0.00,,,0.00,,,,,
,,,,,,,,,,,,,,,,,,,,,,,,,,,,,,,,,
研-交通費-其他,,,,,,,,,0,,0,,,,0,,,0,,,0,0,,,0.00,,,0.00,,,,,
,,,,,,,,,,,,,,,,,,,,,,,,,,,,,,,,,
研-代理商會議費-旅費,,,,,,,,,0,,0,,,,"350,670",,,"2,651",,,18,1,,,"348,019.00",,,0.00,,,,,
,,,,,,,,,,,,,,,,,,,,,,,,,,,,,,,,,
研-運費,,,,,,,,,0,,0,,,,"138,776",,,"11,115",,,"2,207",53,,,"127,661.00",,,0.00,,,,,
,,,,,,,,,,,,,,,,,,,,,,,,,,,,,,,,,
研-郵費,,,,,,,,,0,,0,,,,"14,259",,,249,,,159,1,,,"14,010.00",,,0.00,,,,,
,,,,,,,,,,,,,,,,,,,,,,,,,,,,,,,,,
研-電話費,,,,,,,,,0,,0,,,,"1,407,606",,,"653,640",,,"2,240",549,,,"753,966.00",,,0.00,,,,,
,,,,,,,,,,,,,,,,,,,,,,,,,,,,,,,,,
研-通訊費,,,,,,,,,0,,0,,,,"1,110,070",,,"359,991",,,"1,193",464,,,"750,079.00",,,0.00,,,,,
,,,,,,,,,,,,,,,,,,,,,,,,,,,,,,,,,
研-修繕費,,,,,,,,,0,,0,,,,"764,410",,,"1,944",,,"1,527",14,,,"762,466.00",,,0.00,,,,,
,,,,,,,,,,,,,,,,,,,,,,,,,,,,,,,,,
研-廣告費,,,,,,,,,0,,0,,,,0,,,0,,,0,0,,,0.00,,,0.00,,,,,
,,,,,,,,,,,,,,,,,,,,,,,,,,,,,,,,,
研-水電費,,,,,,,,,0,,0,,,,"2,119,314",,,"1,014,583",,,376,171,,,"1,104,731.00",,,0.00,,,,,
,,,,,,,,,,,,,,,,,,,,,,,,,,,,,,,,,
研-燃料費,,,,,,,,,0,,0,,,,"43,439",,,"2,984",,,"1,324",180,,,"40,455.00",,,0.00,,,,,
,,,,,,,,,,,,,,,,,,,,,,,,,,,,,,,,,
研-勞保費,,,,,,,,,0,,0,,,,"6,279,028",,,"3,123,810",,,318,152,,,"3,155,218.00",,,0.00,,,,,
,,,,,,,,,,,,,,,,,,,,,,,,,,,,,,,,,
研-健保費,,,,,,,,,0,,0,,,,"7,313,127",,,"3,669,230",,,317,152,,,"3,643,897.00",,,0.00,,,,,
,,,,,,,,,,,,,,,,,,,,,,,,,,,,,,,,,
研-團保費,,,,,,,,,0,,0,,,,"370,243",,,"25,439",,,191,13,,,"344,804.00",,,0.00,,,,,
,,,,,,,,,,,,,,,,,,,,,,,,,,,,,,,,,
研-其他保險費,,,,,,,,,0,,0,,,,"73,594",,,0,,,27,0,,,"73,594.00",,,0.00,,,,,
,,,,,,,,,,,,,,,,,,,,,,,,,,,,,,,,,
研-其他保險費,,,,,,,,,0,,0,,,,0,,,0,,,0,0,,,0.00,,,0.00,,,,,
,,,,,,,,,,,,,,,,,,,,,,,,,,,,,,,,,
研-健保費-補充保費,,,,,,,,,0,,0,,,,"179,186",,,"82,732",,,155,149,,,"96,454.00",,,0.00,,,,,
,,,,,,,,,,,,,,,,,,,,,,,,,,,,,,,,,
研-交際費,,,,,,,,,0,,0,,,,"10,557",,,0,,,8,0,,,"10,557.00",,,0.00,,,,,
,,,,,,,,,,,,,,,,,,,,,,,,,,,,,,,,,
研-捐贈,,,,,,,,,0,,0,,,,0,,,0,,,0,0,,,0.00,,,0.00,,,,,
,,,,,,,,,,,,,,,,,,,,,,,,,,,,,,,,,
研-稅捐,,,,,,,,,0,,0,,,,"85,312",,,0,,,28,0,,,"85,312.00",,,0.00,,,,,
,,,,,,,,,,,,,,,,,,,,,,,,,,,,,,,,,
研-呆帳損失,,,,,,,,,0,,0,,,,0,,,0,,,0,0,,,0.00,,,0.00,,,,,
,,,,,,,,,,,,,,,,,,,,,,,,,,,,,,,,,
研-折舊,,,,,,,,,0,,0,,,,"9,794,460",,,"1,040,118",,,304,23,,,"8,754,342.00",,,0.00,,,,,
,,,,,,,,,,,,,,,,,,,,,,,,,,,,,,,,,
研-各項攤提,,,,,,,,,0,,0,,,,"2,421,360",,,"44,836",,,210,10,,,"2,376,524.00",,,0.00,,,,,
,,,,,,,,,,,,,,,,,,,,,,,,,,,,,,,,,
研-伙食費,,,,,,,,,0,,0,,,,"4,101,341",,,"2,049,320",,,325,159,,,"2,052,021.00",,,0.00,,,,,
,,,,,,,,,,,,,,,,,,,,,,,,,,,,,,,,,
研-職工福利,,,,,,,,,0,,0,,,,"779,422",,,0,,,164,0,,,"779,422.00",,,0.00,,,,,
,,,,,,,,,,,,,,,,,,,,,,,,,,,,,,,,,
研-佣金支出,,,,,,,,,0,,0,,,,0,,,0,,,0,0,,,0.00,,,0.00,,,,,
研-訓練費,,,,,,,,,0,,0,,,,"53,600",,,0,,,17,0,,,"53,600.00",,,0.00,,,,,
,,,,,,,,,,,,,,,,,,,,,,,,,,,,,,,,,
研-進口費用,,,,,,,,,0,,0,,,,"37,172",,,0,,,4,0,,,"37,172.00",,,0.00,,,,,
,,,,,,,,,,,,,,,,,,,,,,,,,,,,,,,,,
研-出口費用,,,,,,,,,0,,0,,,,0,,,0,,,0,0,,,0.00,,,0.00,,,,,
,,,,,,,,,,,,,,,,,,,,,,,,,,,,,,,,,
研-退休金,,,,,,,,,0,,0,,,,"184,216",,,"82,844",,,151,67,,,"101,372.00",,,0.00,,,,,
,,,,,,,,,,,,,,,,,,,,,,,,,,,,,,,,,
研-退休金新制,,,,,,,,,0,,0,,,,"8,408,418",,,"4,195,822",,,309,145,,,"4,212,596.00",,,0.00,,,,,
,,,,,,,,,,,,,,,,,,,,,,,,,,,,,,,,,
研-勞務費-扣繳,,,,,,,,,0,,0,,,,"52,800",,,0,,,1,0,,,"52,800.00",,,0.00,,,,,
,,,,,,,,,,,,,,,,,,,,,,,,,,,,,,,,,
研-勞務費-非扣繳,,,,,,,,,0,,0,,,,"1,776,041",,,0,,,24,0,,,"1,776,041.00",,,0.00,,,,,
,,,,,,,,,,,,,,,,,,,,,,,,,,,,,,,,,
研-書報雜誌費,,,,,,,,,0,,0,,,,"67,727",,,"2,904",,,112,26,,,"64,823.00",,,0.00,,,,,
,,,,,,,,,,,,,,,,,,,,,,,,,,,,,,,,,
研-樣品費-外購,,,,,,,,,0,,0,,,,"210,916",,,"56,791",,,15,6,,,"154,125.00",,,0.00,,,,,
,,,,,,,,,,,,,,,,,,,,,,,,,,,,,,,,,
研-樣品費-內部領用,,,,,,,,,0,,0,,,,"18,088,092",,,"7,183,270",,,396,116,,,"10,904,822.00",,,0.00,,,,,
,,,,,,,,,,,,,,,,,,,,,,,,,,,,,,,,,
研-雜項購置-列管,,,,,,,,,0,,0,,,,"4,827,532",,,"2,442,101",,,755,18,,,"2,385,431.00",,,0.00,,,,,
,,,,,,,,,,,,,,,,,,,,,,,,,,,,,,,,,
研-什購-儀器,,,,,,,,,0,,0,,,,0,,,0,,,0,0,,,0.00,,,0.00,,,,,
,,,,,,,,,,,,,,,,,,,,,,,,,,,,,,,,,
研-什購-治具費,,,,,,,,,0,,0,,,,"441,500",,,0,,,12,0,,,"441,500.00",,,0.00,,,,,
,,,,,,,,,,,,,,,,,,,,,,,,,,,,,,,,,
研-什購-研究費,,,,,,,,,0,,0,,,,0,,,0,,,0,0,,,0.00,,,0.00,,,,,
,,,,,,,,,,,,,,,,,,,,,,,,,,,,,,,,,
研-雜項購置-非列管,,,,,,,,,0,,0,,,,"287,445",,,"157,927",,,139,4,,,"129,518.00",,,0.00,,,,,
,,,,,,,,,,,,,,,,,,,,,,,,,,,,,,,,,
研-雜項購置-列管-MIS,,,,,,,,,0,,0,,,,0,,,0,,,0,0,,,0.00,,,0.00,,,,,
,,,,,,,,,,,,,,,,,,,,,,,,,,,,,,,,,
研-檢驗費,,,,,,,,,0,,0,,,,"28,091,083",,,"7,988,918",,,261,46,,,"20,102,165.00",,,0.00,,,,,
,,,,,,,,,,,,,,,,,,,,,,,,,,,,,,,,,
研-儀器校驗費,,,,,,,,,0,,0,,,,0,,,0,,,0,0,,,0.00,,,0.00,,,,,
,,,,,,,,,,,,,,,,,,,,,,,,,,,,,,,,,
研-專利權,,,,,,,,,0,,0,,,,0,,,0,,,0,0,,,0.00,,,0.00,,,,,
,,,,,,,,,,,,,,,,,,,,,,,,,,,,,,,,,
研-印刷電路板－PCB,,,,,,,,,0,,0,,,,0,,,0,,,0,0,,,0.00,,,0.00,,,,,
,,,,,,,,,,,,,,,,,,,,,,,,,,,,,,,,,
研-其他耗材－外購,,,,,,,,,0,,0,,,,"18,139,639",,,"706,301",,,"1,117",7,,,"17,433,338.00",,,0.00,,,,,
,,,,,,,,,,,,,,,,,,,,,,,,,,,,,,,,,
研-其他耗材－自製,,,,,,,,,0,,0,,,,0,,,0,,,0,0,,,0.00,,,0.00,,,,,
,,,,,,,,,,,,,,,,,,,,,,,,,,,,,,,,,
研-手模-自製材料,,,,,,,,,0,,0,,,,0,,,0,,,0,0,,,0.00,,,0.00,,,,,
,,,,,,,,,,,,,,,,,,,,,,,,,,,,,,,,,
研-手模-自製工具,,,,,,,,,0,,0,,,,0,,,0,,,0,0,,,0.00,,,0.00,,,,,
,,,,,,,,,,,,,,,,,,,,,,,,,,,,,,,,,
研-手模-委外製作,,,,,,,,,0,,0,,,,0,,,0,,,0,0,,,0.00,,,0.00,,,,,
,,,,,,,,,,,,,,,,,,,,,,,,,,,,,,,,,
研-動態測試治具,,,,,,,,,0,,0,,,,0,,,0,,,0,0,,,0.00,,,0.00,,,,,
,,,,,,,,,,,,,,,,,,,,,,,,,,,,,,,,,
研-燒機治具,,,,,,,,,0,,0,,,,0,,,0,,,0,0,,,0.00,,,0.00,,,,,
,,,,,,,,,,,,,,,,,,,,,,,,,,,,,,,,,
研-組裝治具,,,,,,,,,0,,0,,,,0,,,0,,,0,0,,,0.00,,,0.00,,,,,
,,,,,,,,,,,,,,,,,,,,,,,,,,,,,,,,,
研-ICT治具,,,,,,,,,0,,0,,,,0,,,0,,,0,0,,,0.00,,,0.00,,,,,
,,,,,,,,,,,,,,,,,,,,,,,,,,,,,,,,,
研-權利金,,,,,,,,,0,,0,,,,"579,655",,,0,,,8,0,,,"579,655.00",,,0.00,,,,,
,,,,,,,,,,,,,,,,,,,,,,,,,,,,,,,,,
研-研發專案,,,,,,,,,0,,0,,,,"347,324,846",,,"289,520,179",,,81,52,,,"57,804,667.00",,,0.00,,,,,
,,,,,,,,,,,,,,,,,,,,,,,,,,,,,,,,,
研-大樓管理費,,,,,,,,,0,,0,,,,"1,296,151",,,"575,163",,,346,158,,,"720,988.00",,,0.00,,,,,
,,,,,,,,,,,,,,,,,,,,,,,,,,,,,,,,,
研-保全費,,,,,,,,,0,,0,,,,"193,443",,,"2,608",,,173,1,,,"190,835.00",,,0.00,,,,,
,,,,,,,,,,,,,,,,,,,,,,,,,,,,,,,,,
研-雜費,,,,,,,,,0,,0,,,,"1,927,302",,,"20,477",,,"1,680",35,,,"1,906,825.00",,,0.00,,,,,
,,,,,,,,,,,,,,,,,,,,,,,,,,,,,,,,,
研-手續費,,,,,,,,,0,,0,,,,0,,,0,,,0,0,,,0.00,,,0.00,,,,,
,,,,,,,,,,,,,,,,,,,,,,,,,,,,,,,,,
研-誤餐費,,,,,,,,,0,,0,,,,"109,595",,,"12,472",,,167,25,,,"97,123.00",,,0.00,,,,,
,,,,,,,,,,,,,,,,,,,,,,,,,,,,,,,,,
研-Corp.費用分攤,,,,,,,,,0,,0,,,,0,,,0,,,0,0,,,0.00,,,0.00,,,,,
,,,,,,,,,,,,,,,,,,,,,,,,,,,,,,,,,
研-汐止廠費用分攤,,,,,,,,,0,,0,,,,0,,,0,,,0,0,,,0.00,,,0.00,,,,,
,,,,,,,,,,,,,,,,,,,,,,,,,,,,,,,,,
研-研發產品暨技術委外開發處費用分攤,,,,,,,,,0,,0,,,,0,,,0,,,0,0,,,0.00,,,0.00,,,,,
,,,,,,,,,,,,,,,,,,,,,,,,,,,,,,,,,
研-研究發展處費用分攤,,,,,,,,,0,,0,,,,0,,,0,,,0,0,,,0.00,,,0.00,,,,,
,,,,,,,,,,,,,,,,,,,,,,,,,,,,,,,,,
利息收入－應稅,,,,,,,,,0,,0,,,,0,,,"529,072",,,0,219,,,0.00,,,"529,072.00",,,,,
,,,,,,,,,,,,,,,,,,,,,,,,,,,,,,,,,
利息收入－分離課稅,,,,,,,,,0,,0,,,,0,,,0,,,0,0,,,0.00,,,0.00,,,,,
,,,,,,,,,,,,,,,,,,,,,,,,,,,,,,,,,
利息收入－免稅,,,,,,,,,0,,0,,,,0,,,0,,,0,0,,,0.00,,,0.00,,,,,
,,,,,,,,,,,,,,,,,,,,,,,,,,,,,,,,,
利息收入－財務用,,,,,,,,,0,,0,,,,"18,904",,,"111,847",,,4,11,,,0.00,,,"92,943.00",,,,,
,,,,,,,,,,,,,,,,,,,,,,,,,,,,,,,,,
利息收入－結構型商品,,,,,,,,,0,,0,,,,"20,278",,,"222,250",,,9,29,,,0.00,,,"201,972.00",,,,,
,,,,,,,,,,,,,,,,,,,,,,,,,,,,,,,,,
利息收入－RP應稅,,,,,,,,,0,,0,,,,"47,761",,,"390,407",,,7,56,,,0.00,,,"342,646.00",,,,,
,,,,,,,,,,,,,,,,,,,,,,,,,,,,,,,,,
利息收入－租賃息,,,,,,,,,0,,0,,,,0,,,"70,122",,,0,12,,,0.00,,,"70,122.00",,,,,
,,,,,,,,,,,,,,,,,,,,,,,,,,,,,,,,,
採用權益法認列之關聯企業及合資利益之份額-USA,,,,,,,,,0,,0,,,,"35,591,035",,,"35,591,035",,,4,10,,,0.00,,,0.00,,,,,
,,,,,,,,,,,,,,,,,,,,,,,,,,,,,,,,,
採用權益法認列之關聯企業及合資利益之份額-EMEA,,,,,,,,,0,,0,,,,0,,,0,,,0,0,,,0.00,,,0.00,,,,,
,,,,,,,,,,,,,,,,,,,,,,,,,,,,,,,,,
採用權益法認列之關聯企業及合資利益之份額-SAMOA,,,,,,,,,0,,0,,,,"2,013,169",,,"2,013,169",,,4,5,,,0.00,,,0.00,,,,,
,,,,,,,,,,,,,,,,,,,,,,,,,,,,,,,,,
採用權益法認列之關聯企業及合資利益之份額-GmbH,,,,,,,,,0,,0,,,,"13,918,638",,,"13,918,638",,,4,9,,,0.00,,,0.00,,,,,
,,,,,,,,,,,,,,,,,,,,,,,,,,,,,,,,,
採用權益法認列之關聯企業及合資利益之份額-欣技醫電,,,,,,,,,0,,0,,,,"792,910",,,"792,910",,,3,5,,,0.00,,,0.00,,,,,
,,,,,,,,,,,,,,,,,,,,,,,,,,,,,,,,,
採用權益法認列之關聯企業及合資利益之份額-UK,,,,,,,,,0,,0,,,,0,,,0,,,0,0,,,0.00,,,0.00,,,,,
採用權益法認列之關聯企業及合資利益之份額-欣晉,,,,,,,,,0,,0,,,,"38,793,607",,,"38,793,607",,,4,7,,,0.00,,,0.00,,,,,
,,,,,,,,,,,,,,,,,,,,,,,,,,,,,,,,,
股利收入,,,,,,,,,0,,0,,,,0,,,"172,071",,,0,1,,,0.00,,,"172,071.00",,,,,
,,,,,,,,,,,,,,,,,,,,,,,,,,,,,,,,,
處分不動產、廠房及設備利益,,,,,,,,,0,,0,,,,0,,,0,,,0,0,,,0.00,,,0.00,,,,,
,,,,,,,,,,,,,,,,,,,,,,,,,,,,,,,,,
處分投資利益-基金,,,,,,,,,0,,0,,,,0,,,0,,,0,0,,,0.00,,,0.00,,,,,
,,,,,,,,,,,,,,,,,,,,,,,,,,,,,,,,,
處分投資利益-長期投資,,,,,,,,,0,,0,,,,0,,,"17,038,257",,,0,2,,,0.00,,,"17,038,257.00",,,,,
,,,,,,,,,,,,,,,,,,,,,,,,,,,,,,,,,
存貨盤盈,,,,,,,,,0,,0,,,,132,,,"435,044",,,1,2,,,0.00,,,"434,912.00",,,,,
,,,,,,,,,,,,,,,,,,,,,,,,,,,,,,,,,
外幣兌換利益,,,,,,,,,0,,0,,,,"79,037,205",,,"79,037,205",,,14,693,,,0.00,,,0.00,,,,,
,,,,,,,,,,,,,,,,,,,,,,,,,,,,,,,,,
外幣兌換利益-財務用,,,,,,,,,0,,0,,,,"4,214,876",,,"4,214,876",,,22,32,,,0.00,,,0.00,,,,,
,,,,,,,,,,,,,,,,,,,,,,,,,,,,,,,,,
外幣兌換利益-未實現,,,,,,,,,0,,0,,,,"50,689,619",,,"50,689,619",,,85,84,,,0.00,,,0.00,,,,,
,,,,,,,,,,,,,,,,,,,,,,,,,,,,,,,,,
外幣兌換利益-AC專用,,,,,,,,,0,,0,,,,"68,636,639",,,"76,304,177",,,11,12,,,0.00,,,"7,667,538.00",,,,,
,,,,,,,,,,,,,,,,,,,,,,,,,,,,,,,,,
租金收入,,,,,,,,,0,,0,,,,0,,,0,,,0,0,,,0.00,,,0.00,,,,,
,,,,,,,,,,,,,,,,,,,,,,,,,,,,,,,,,
出售下腳及廢料收入,,,,,,,,,0,,0,,,,0,,,0,,,0,0,,,0.00,,,0.00,,,,,
,,,,,,,,,,,,,,,,,,,,,,,,,,,,,,,,,
壞帳轉回利益,,,,,,,,,0,,0,,,,"3,915,751",,,"3,915,751",,,8,11,,,0.00,,,0.00,,,,,
,,,,,,,,,,,,,,,,,,,,,,,,,,,,,,,,,
存貨跌價回升利益,,,,,,,,,0,,0,,,,0,,,0,,,0,0,,,0.00,,,0.00,,,,,
,,,,,,,,,,,,,,,,,,,,,,,,,,,,,,,,,
減損迴轉利益,,,,,,,,,0,,0,,,,"5,092,797",,,"5,092,797",,,1,1,,,0.00,,,0.00,,,,,
,,,,,,,,,,,,,,,,,,,,,,,,,,,,,,,,,
透過損益按公允價值衡量之金融資產(負債)利益,,,,,,,,,0,,0,,,,"3,647,989",,,"3,647,989",,,1,3,,,0.00,,,0.00,,,,,
,,,,,,,,,,,,,,,,,,,,,,,,,,,,,,,,,
其他收入-其他,,,,,,,,,0,,0,,,,"123,576",,,"1,977,439",,,9,73,,,0.00,,,"1,853,863.00",,,,,
,,,,,,,,,,,,,,,,,,,,,,,,,,,,,,,,,
佣金收入,,,,,,,,,0,,0,,,,0,,,0,,,0,0,,,0.00,,,0.00,,,,,
,,,,,,,,,,,,,,,,,,,,,,,,,,,,,,,,,
利息費用,,,,,,,,,0,,0,,,,"373,042",,,0,,,19,0,,,"373,042.00",,,0.00,,,,,
,,,,,,,,,,,,,,,,,,,,,,,,,,,,,,,,,
採用權益法認列之關聯企業及合資損失之份額-USA,,,,,,,,,0,,0,,,,"28,884,147",,,"35,961,124",,,8,6,,,0.00,,,"7,076,977.00",,,,,
,,,,,,,,,,,,,,,,,,,,,,,,,,,,,,,,,
採用權益法認列之關聯企業及合資損失之份額-EMEA,,,,,,,,,0,,0,,,,0,,,0,,,0,0,,,0.00,,,0.00,,,,,
,,,,,,,,,,,,,,,,,,,,,,,,,,,,,,,,,
採用權益法認列之關聯企業及合資損失之份額-SAMOA,,,,,,,,,0,,0,,,,"17,893,501",,,"2,013,169",,,17,4,,,"15,880,332.00",,,0.00,,,,,
,,,,,,,,,,,,,,,,,,,,,,,,,,,,,,,,,
採用權益法認列之關聯企業及合資損失之份額-GmbH,,,,,,,,,0,,0,,,,"13,542,072",,,"13,919,945",,,9,5,,,0.00,,,"377,873.00",,,,,
,,,,,,,,,,,,,,,,,,,,,,,,,,,,,,,,,
採用權益法認列之關聯企業及合資損失之份額-欣技醫電,,,,,,,,,0,,0,,,,"2,696,037",,,"792,910",,,13,3,,,"1,903,127.00",,,0.00,,,,,
,,,,,,,,,,,,,,,,,,,,,,,,,,,,,,,,,
採用權益法認列之關聯企業及合資損失之份額-UK,,,,,,,,,0,,0,,,,"61,850",,,0,,,3,0,,,"61,850.00",,,0.00,,,,,
,,,,,,,,,,,,,,,,,,,,,,,,,,,,,,,,,
採用權益法認列之關聯企業及合資損失之份額-欣晉,,,,,,,,,0,,0,,,,"63,143,320",,,"38,793,607",,,13,4,,,"24,349,713.00",,,0.00,,,,,
,,,,,,,,,,,,,,,,,,,,,,,,,,,,,,,,,
其他投資損失,,,,,,,,,0,,0,,,,0,,,0,,,0,0,,,0.00,,,0.00,,,,,
,,,,,,,,,,,,,,,,,,,,,,,,,,,,,,,,,
處分不動產、廠房及設備損失,,,,,,,,,0,,0,,,,"70,236",,,0,,,15,0,,,"70,236.00",,,0.00,,,,,
,,,,,,,,,,,,,,,,,,,,,,,,,,,,,,,,,
處分投資損失-基金,,,,,,,,,0,,0,,,,0,,,0,,,0,0,,,0.00,,,0.00,,,,,
,,,,,,,,,,,,,,,,,,,,,,,,,,,,,,,,,
存貨盤損,,,,,,,,,0,,0,,,,"246,292",,,0,,,1,0,,,"246,292.00",,,0.00,,,,,
,,,,,,,,,,,,,,,,,,,,,,,,,,,,,,,,,
外幣兌換損失,,,,,,,,,0,,0,,,,"61,180,466",,,"61,180,466",,,463,15,,,0.00,,,0.00,,,,,
,,,,,,,,,,,,,,,,,,,,,,,,,,,,,,,,,
外幣兌換損失-財務用,,,,,,,,,0,,0,,,,"1,423,190",,,"1,423,190",,,19,14,,,0.00,,,0.00,,,,,
,,,,,,,,,,,,,,,,,,,,,,,,,,,,,,,,,
外幣兌換損失-未實現,,,,,,,,,0,,0,,,,"48,056,868",,,"48,056,868",,,118,113,,,0.00,,,0.00,,,,,
,,,,,,,,,,,,,,,,,,,,,,,,,,,,,,,,,
外幣兌換損失-AC,,,,,,,,,0,,0,,,,0,,,0,,,0,0,,,0.00,,,0.00,,,,,
,,,,,,,,,,,,,,,,,,,,,,,,,,,,,,,,,
存貨跌價及呆滯損失,,,,,,,,,0,,0,,,,0,,,0,,,0,0,,,0.00,,,0.00,,,,,
,,,,,,,,,,,,,,,,,,,,,,,,,,,,,,,,,
減損損失,,,,,,,,,0,,0,,,,0,,,0,,,0,0,,,0.00,,,0.00,,,,,
,,,,,,,,,,,,,,,,,,,,,,,,,,,,,,,,,
透過損益按公允價值衡量之金融資產(負債)損失,,,,,,,,,0,,0,,,,"3,647,989",,,"3,647,989",,,2,1,,,0.00,,,0.00,,,,,
,,,,,,,,,,,,,,,,,,,,,,,,,,,,,,,,,
什項支出,,,,,,,,,0,,0,,,,45,,,45,,,14,3,,,0.00,,,0.00,,,,,
,,,,,,,,,,,,,,,,,,,,,,,,,,,,,,,,,
存貨報廢損失,,,,,,,,,0,,0,,,,"10,356,102",,,0,,,2,0,,,"10,356,102.00",,,0.00,,,,,
,,,,,,,,,,,,,,,,,,,,,,,,,,,,,,,,,
當期所得稅費用（利益）,,,,,,,,,0,,0,,,,"152,478,364",,,"143,409,042",,,17,18,,,"9,069,322.00",,,0.00,,,,,
,,,,,,,,,,,,,,,,,,,,,,,,,,,,,,,,,
遞延所得稅費用（利益）,,,,,,,,,0,,0,,,,0,,,0,,,0,0,,,0.00,,,0.00,,,,,
,,,,,,,,,,,,,,,,,,,,,,,,,,,,,,,,,
遞延所得稅費用,,,,,,,,,0,,0,,,,0,,,0,,,0,0,,,0.00,,,0.00,,,,,
,,,,,,,,,,,,,,,,,,,,,,,,,,,,,,,,,
國外營運機構財務報表換算之兌換差額,,,,,,,,,0,,0,,,,0,,,0,,,0,0,,,0.00,,,0.00,,,,,
,,,,,,,,,,,,,,,,,,,,,,,,,,,,,,,,,
權益工具投資之利益(損失),,,,,,,,,0,,0,,,,0,,,0,,,0,0,,,0.00,,,0.00,,,,,
,,,,,,,,,,,,,,,,,,,,,,,,,,,,,,,,,
備供出售金融資產未實現評價損益,,,,,,,,,0,,0,,,,0,,,0,,,0,0,,,0.00,,,0.00,,,,,
,,,,,,,,,,,,,,,,,,,,,,,,,,,,,,,,,
現金流量避險,,,,,,,,,0,,0,,,,0,,,0,,,0,0,,,0.00,,,0.00,,,,,
,,,,,,,,,,,,,,,,,,,,,,,,,,,,,,,,,
國外營運機構淨投資避險,,,,,,,,,0,,0,,,,0,,,0,,,0,0,,,0.00,,,0.00,,,,,
,,,,,,,,,,,,,,,,,,,,,,,,,,,,,,,,,
重估價之利益(損失),,,,,,,,,0,,0,,,,0,,,0,,,0,0,,,0.00,,,0.00,,,,,
,,,,,,,,,,,,,,,,,,,,,,,,,,,,,,,,,
確定福利計畫精算利益(損失),,,,,,,,,0,,0,,,,0,,,"1,420,115",,,0,1,,,0.00,,,"1,420,115.00",,,,,
,,,,,,,,,,,,,,,,,,,,,,,,,,,,,,,,,
採用權益法認列之關聯企業及合資之其他綜合損益之份額,,,,,,,,,0,,0,,,,0,,,0,,,0,0,,,0.00,,,0.00,,,,,
,,,,,,,,,,,,,,,,,,,,,,,,,,,,,,,,,
其他綜合損益,,,,,,,,,0,,0,,,,0,,,0,,,0,0,,,0.00,,,0.00,,,,,
,,,,,,,,,,,,,,,,,,,,,,,,,,,,,,,,,
與其他綜合損益組成部分相關之所得稅,,,,,,,,,0,,0,,,,0,,,0,,,0,0,,,0.00,,,0.00,,,,,
,,,,,,,,,,,,,,,,,,,,,,,,,,,,,,,,,
母公司業主(淨利/損),,,,,,,,,0,,0,,,,0,,,0,,,0,0,,,0.00,,,0.00,,,,,
非控制權益(淨利/損),,,,,,,,,0,,0,,,,0,,,0,,,0,0,,,0.00,,,0.00,,,,,
,,,,,,,,,,,,,,,,,,,,,,,,,,,,,,,,,
母公司業主(綜合損益),,,,,,,,,0,,0,,,,0,,,0,,,0,0,,,0.00,,,0.00,,,,,
,,,,,,,,,,,,,,,,,,,,,,,,,,,,,,,,,
非控制權益(綜合損益),,,,,,,,,0,,0,,,,0,,,0,,,0,0,,,0.00,,,0.00,,,,,
,,,,,,,,,,,,,,,,,,,,,,,,,,,,,,,,,
開帳用,,,,,,,,,0,,0,,,,0,,,0,,,0,0,,,0.00,,,0.00,,,,,
,,,,,,,,,,,,,,,,,,,,,,,,,,,,,,,,,
開帳用,,,,,,,,,0,,0,,,,0,,,0,,,0,0,,,0.00,,,0.00,,,,,
,,,,,,,,,,,,,,,,,,,,,,,,,,,,,,,,,
總計,,,,,,,,,"2,269,069,623",,"2,269,069,623",,,,"23,514,006,130",,,"23,514,006,130",,,"92,888","41,592",,,"3,717,005,779.00",,,"3,717,005,779.00",,,,,
,,,,,,,,,,,,,,,,,,,,,,,,,,,,,,,,,
報表結構：,TB01F,,,,,,,,,,,,,,,,,,,,,,,,,,,,,,,,
,,,,,,,,,,,,,,,,,,,,,,,,,,,,,,,,,
(aglr105),,,,,,,,,,,,,,,,,,,,,,,,,,,,,,(結束),,,
,,,,,,,,,,,,,,,,,,,,,,,,,,,,,,,,,
,,,,,,,,,,,,,,,,,,,,,,,,,,,,,,,,,
核准：                                 覆核：                                 審核：                                 製表：,,,,,,,,,,,,,,,,,,,,,,,,,,,,,,,,,
